-- phpMyAdmin SQL Dump
-- version 5.1.0
-- https://www.phpmyadmin.net/
--
-- Host: 127.0.0.1
-- Generation Time: Apr 17, 2021 at 12:33 PM
-- Server version: 10.4.13-MariaDB
-- PHP Version: 7.4.8

SET SQL_MODE = "NO_AUTO_VALUE_ON_ZERO";
START TRANSACTION;
SET time_zone = "+00:00";


/*!40101 SET @OLD_CHARACTER_SET_CLIENT=@@CHARACTER_SET_CLIENT */;
/*!40101 SET @OLD_CHARACTER_SET_RESULTS=@@CHARACTER_SET_RESULTS */;
/*!40101 SET @OLD_COLLATION_CONNECTION=@@COLLATION_CONNECTION */;
/*!40101 SET NAMES utf8mb4 */;

--
-- Database: `yanabee`
--

-- --------------------------------------------------------

--
-- Table structure for table `addons`
--

CREATE TABLE `addons` (
  `id` int(11) NOT NULL,
  `name` varchar(255) COLLATE utf8_unicode_ci NOT NULL,
  `unique_identifier` varchar(255) COLLATE utf8_unicode_ci NOT NULL,
  `version` varchar(255) COLLATE utf8_unicode_ci DEFAULT NULL,
  `status` int(11) NOT NULL,
  `created_at` int(11) DEFAULT NULL,
  `updated_at` int(11) DEFAULT NULL
) ENGINE=InnoDB DEFAULT CHARSET=utf8 COLLATE=utf8_unicode_ci;

-- --------------------------------------------------------

--
-- Table structure for table `books`
--

CREATE TABLE `books` (
  `id` int(11) UNSIGNED NOT NULL,
  `name` varchar(255) COLLATE utf8_unicode_ci DEFAULT NULL,
  `author` varchar(255) COLLATE utf8_unicode_ci DEFAULT NULL,
  `copies` int(11) DEFAULT NULL,
  `school_id` int(11) DEFAULT NULL,
  `session` varchar(255) COLLATE utf8_unicode_ci DEFAULT NULL,
  `created_at` timestamp NULL DEFAULT NULL,
  `updated_at` timestamp NULL DEFAULT NULL
) ENGINE=InnoDB DEFAULT CHARSET=utf8 COLLATE=utf8_unicode_ci;

-- --------------------------------------------------------

--
-- Table structure for table `book_issues`
--

CREATE TABLE `book_issues` (
  `id` int(11) UNSIGNED NOT NULL,
  `book_id` int(11) DEFAULT NULL,
  `class_id` int(11) DEFAULT NULL,
  `student_id` int(11) DEFAULT NULL,
  `issue_date` varchar(255) COLLATE utf8_unicode_ci DEFAULT NULL,
  `status` int(11) DEFAULT 0,
  `school_id` int(11) DEFAULT NULL,
  `session` varchar(255) COLLATE utf8_unicode_ci DEFAULT NULL,
  `created_at` timestamp NULL DEFAULT NULL,
  `updated_at` timestamp NULL DEFAULT NULL
) ENGINE=InnoDB DEFAULT CHARSET=utf8 COLLATE=utf8_unicode_ci;

-- --------------------------------------------------------

--
-- Table structure for table `ci_sessions`
--

CREATE TABLE `ci_sessions` (
  `id` varchar(40) COLLATE utf8_unicode_ci DEFAULT NULL,
  `ip_address` varchar(45) COLLATE utf8_unicode_ci DEFAULT NULL,
  `timestamp` int(10) NOT NULL DEFAULT 0,
  `data` blob DEFAULT NULL
) ENGINE=InnoDB DEFAULT CHARSET=utf8 COLLATE=utf8_unicode_ci;

--
-- Dumping data for table `ci_sessions`
--

INSERT INTO `ci_sessions` (`id`, `ip_address`, `timestamp`, `data`) VALUES
('ms8vilvpjc4ng7ng72uo153cfstsi7p6', '::1', 1617828943, 0x5f5f63695f6c6173745f726567656e65726174657c693a313631373832383934333b757365725f6c6f67696e5f747970657c623a313b737570657261646d696e5f6c6f67696e7c623a313b757365725f69647c733a313a2231223b7363686f6f6c5f69647c733a313a2231223b757365725f6e616d657c733a31333a2241686d6564204d6f68616d6564223b757365725f747970657c733a31303a22737570657261646d696e223b),
('90pl0876tvo76lalbu7fvn00o3ejb910', '::1', 1617829879, 0x5f5f63695f6c6173745f726567656e65726174657c693a313631373832393837393b757365725f6c6f67696e5f747970657c623a313b737570657261646d696e5f6c6f67696e7c623a313b757365725f69647c733a313a2231223b7363686f6f6c5f69647c733a313a2231223b757365725f6e616d657c733a31333a2241686d6564204d6f68616d6564223b757365725f747970657c733a31303a22737570657261646d696e223b),
('402o5despfdlb1q19mmiu5v1om78nv10', '::1', 1617832128, 0x5f5f63695f6c6173745f726567656e65726174657c693a313631373833323132383b757365725f6c6f67696e5f747970657c623a313b737570657261646d696e5f6c6f67696e7c623a313b757365725f69647c733a313a2231223b7363686f6f6c5f69647c733a313a2231223b757365725f6e616d657c733a31333a2241686d6564204d6f68616d6564223b757365725f747970657c733a31303a22737570657261646d696e223b),
('rtdp34mql7qscjdjih069v8kmacb1go5', '::1', 1617832128, 0x5f5f63695f6c6173745f726567656e65726174657c693a313631373833323132383b757365725f6c6f67696e5f747970657c623a313b737570657261646d696e5f6c6f67696e7c623a313b757365725f69647c733a313a2231223b7363686f6f6c5f69647c733a313a2231223b757365725f6e616d657c733a31333a2241686d6564204d6f68616d6564223b757365725f747970657c733a31303a22737570657261646d696e223b),
('2ivu280bcdlhv0ijvittd1noemj1h3nk', '::1', 1618002038, 0x5f5f63695f6c6173745f726567656e65726174657c693a313631383030323033383b757365725f6c6f67696e5f747970657c623a313b737570657261646d696e5f6c6f67696e7c623a313b757365725f69647c733a313a2231223b7363686f6f6c5f69647c733a313a2231223b757365725f6e616d657c733a31333a2241686d6564204d6f68616d6564223b757365725f747970657c733a31303a22737570657261646d696e223b),
('fvb1tuo8rpdpbsu4fiukc6p9p1fne9mk', '::1', 1618002360, 0x5f5f63695f6c6173745f726567656e65726174657c693a313631383030323336303b757365725f6c6f67696e5f747970657c623a313b737570657261646d696e5f6c6f67696e7c623a313b757365725f69647c733a313a2231223b7363686f6f6c5f69647c733a313a2231223b757365725f6e616d657c733a31333a2241686d6564204d6f68616d6564223b757365725f747970657c733a31303a22737570657261646d696e223b),
('13qiioo3f5s6d8bh90i4j60uuhskfi6l', '::1', 1618002821, 0x5f5f63695f6c6173745f726567656e65726174657c693a313631383030323832313b),
('7marba1d3c33ie9i819veuedp13tum3n', '::1', 1618002821, 0x5f5f63695f6c6173745f726567656e65726174657c693a313631383030323832313b),
('2m4ufeco8n6q7vem0qj36v5io2qpu1uh', '::1', 1618040079, 0x5f5f63695f6c6173745f726567656e65726174657c693a313631383034303037393b),
('160pq31npu6gaemr4uq87gcc3nhlp7lt', '::1', 1618043006, 0x5f5f63695f6c6173745f726567656e65726174657c693a313631383034333030363b),
('hnhek3g30puct6nofle96ivjhi7kpb33', '::1', 1618043007, 0x5f5f63695f6c6173745f726567656e65726174657c693a313631383034333030363b),
('k8bplpla6pbvelprg04i8r0k7g6ch0rq', '::1', 1618064768, 0x5f5f63695f6c6173745f726567656e65726174657c693a313631383036343736383b757365725f6c6f67696e5f747970657c623a313b737570657261646d696e5f6c6f67696e7c623a313b757365725f69647c733a313a2231223b7363686f6f6c5f69647c733a313a2231223b757365725f6e616d657c733a31333a2241686d6564204d6f68616d6564223b757365725f747970657c733a31303a22737570657261646d696e223b),
('ud76k1c7n9cjb7qlni9n1hq6ql17ba1b', '::1', 1618064070, 0x5f5f63695f6c6173745f726567656e65726174657c693a313631383036343036343b6163746976655f7363686f6f6c5f69647c733a313a2231223b),
('hq16fbtjhvns3jctcbn5kt9gmn1tloq6', '::1', 1618064406, 0x5f5f63695f6c6173745f726567656e65726174657c693a313631383036343430353b757365725f6c6f67696e5f747970657c623a313b737570657261646d696e5f6c6f67696e7c623a313b757365725f69647c733a313a2231223b7363686f6f6c5f69647c733a313a2231223b757365725f6e616d657c733a31333a2241686d6564204d6f68616d6564223b757365725f747970657c733a31303a22737570657261646d696e223b),
('1htbu8mdgtu8l2id62gs40ogqsj955qh', '::1', 1618065108, 0x5f5f63695f6c6173745f726567656e65726174657c693a313631383036353130383b757365725f6c6f67696e5f747970657c623a313b737570657261646d696e5f6c6f67696e7c623a313b757365725f69647c733a313a2231223b7363686f6f6c5f69647c733a313a2231223b757365725f6e616d657c733a31333a2241686d6564204d6f68616d6564223b757365725f747970657c733a31303a22737570657261646d696e223b),
('d0o61nbmo4k3l2vbl2e5tscq1akevi9v', '::1', 1618065413, 0x5f5f63695f6c6173745f726567656e65726174657c693a313631383036353431333b757365725f6c6f67696e5f747970657c623a313b737570657261646d696e5f6c6f67696e7c623a313b757365725f69647c733a313a2231223b7363686f6f6c5f69647c733a313a2231223b757365725f6e616d657c733a31333a2241686d6564204d6f68616d6564223b757365725f747970657c733a31303a22737570657261646d696e223b),
('mge24gro8u7frebi8bk3ttiqju517fce', '::1', 1618065419, 0x5f5f63695f6c6173745f726567656e65726174657c693a313631383036353431333b757365725f6c6f67696e5f747970657c623a313b737570657261646d696e5f6c6f67696e7c623a313b757365725f69647c733a313a2231223b7363686f6f6c5f69647c733a313a2231223b757365725f6e616d657c733a31333a2241686d6564204d6f68616d6564223b757365725f747970657c733a31303a22737570657261646d696e223b),
('svbghu9nlf2bu4290m6la4r3otagmpt9', '::1', 1618089669, 0x5f5f63695f6c6173745f726567656e65726174657c693a313631383038393636393b757365725f6c6f67696e5f747970657c623a313b737570657261646d696e5f6c6f67696e7c623a313b757365725f69647c733a313a2231223b7363686f6f6c5f69647c733a313a2231223b757365725f6e616d657c733a31333a2241686d6564204d6f68616d6564223b757365725f747970657c733a31303a22737570657261646d696e223b),
('ihppnisf1tpoa13rvtpdupra2i35uf93', '::1', 1618090015, 0x5f5f63695f6c6173745f726567656e65726174657c693a313631383039303031353b757365725f6c6f67696e5f747970657c623a313b737570657261646d696e5f6c6f67696e7c623a313b757365725f69647c733a313a2231223b7363686f6f6c5f69647c733a313a2231223b757365725f6e616d657c733a31333a2241686d6564204d6f68616d6564223b757365725f747970657c733a31303a22737570657261646d696e223b),
('7jbu0mlfnrarj7jcu6rvev82krv985kk', '::1', 1618090351, 0x5f5f63695f6c6173745f726567656e65726174657c693a313631383039303335313b757365725f6c6f67696e5f747970657c623a313b737570657261646d696e5f6c6f67696e7c623a313b757365725f69647c733a313a2231223b7363686f6f6c5f69647c733a313a2231223b757365725f6e616d657c733a31333a2241686d6564204d6f68616d6564223b757365725f747970657c733a31303a22737570657261646d696e223b),
('qrj0j3d8fsb7rjblp1gtcaahcic10rjo', '::1', 1618091436, 0x5f5f63695f6c6173745f726567656e65726174657c693a313631383039313433363b757365725f6c6f67696e5f747970657c623a313b737570657261646d696e5f6c6f67696e7c623a313b757365725f69647c733a313a2231223b7363686f6f6c5f69647c733a313a2231223b757365725f6e616d657c733a31333a2241686d6564204d6f68616d6564223b757365725f747970657c733a31303a22737570657261646d696e223b),
('m1daojns1pl3haeqct638f75stdaacpa', '::1', 1618092383, 0x5f5f63695f6c6173745f726567656e65726174657c693a313631383039323338333b757365725f6c6f67696e5f747970657c623a313b737570657261646d696e5f6c6f67696e7c623a313b757365725f69647c733a313a2231223b7363686f6f6c5f69647c733a313a2231223b757365725f6e616d657c733a31333a2241686d6564204d6f68616d6564223b757365725f747970657c733a31303a22737570657261646d696e223b),
('3ns7o52jpspnh6ah0b3gj6nj6hga1ugb', '::1', 1618094478, 0x5f5f63695f6c6173745f726567656e65726174657c693a313631383039343437383b757365725f6c6f67696e5f747970657c623a313b737570657261646d696e5f6c6f67696e7c623a313b757365725f69647c733a313a2231223b7363686f6f6c5f69647c733a313a2231223b757365725f6e616d657c733a31333a2241686d6564204d6f68616d6564223b757365725f747970657c733a31303a22737570657261646d696e223b),
('mt4830uvoujunjdvftr06ru72mrv6ka8', '::1', 1618094854, 0x5f5f63695f6c6173745f726567656e65726174657c693a313631383039343835343b757365725f6c6f67696e5f747970657c623a313b737570657261646d696e5f6c6f67696e7c623a313b757365725f69647c733a313a2231223b7363686f6f6c5f69647c733a313a2231223b757365725f6e616d657c733a31333a2241686d6564204d6f68616d6564223b757365725f747970657c733a31303a22737570657261646d696e223b),
('5vfgd94hrqgjapii0a80qp26cndds5hg', '::1', 1618095462, 0x5f5f63695f6c6173745f726567656e65726174657c693a313631383039353436323b757365725f6c6f67696e5f747970657c623a313b737570657261646d696e5f6c6f67696e7c623a313b757365725f69647c733a313a2231223b7363686f6f6c5f69647c733a313a2231223b757365725f6e616d657c733a31333a2241686d6564204d6f68616d6564223b757365725f747970657c733a31303a22737570657261646d696e223b),
('3s2q1qa5mjq5djp3q326jdda8cvg1v5h', '::1', 1618096141, 0x5f5f63695f6c6173745f726567656e65726174657c693a313631383039363134313b757365725f6c6f67696e5f747970657c623a313b737570657261646d696e5f6c6f67696e7c623a313b757365725f69647c733a313a2231223b7363686f6f6c5f69647c733a313a2231223b757365725f6e616d657c733a31333a2241686d6564204d6f68616d6564223b757365725f747970657c733a31303a22737570657261646d696e223b),
('ilf1460sh6shrccgg3t50rhf6amfh1or', '::1', 1618096252, 0x5f5f63695f6c6173745f726567656e65726174657c693a313631383039363134313b757365725f6c6f67696e5f747970657c623a313b737570657261646d696e5f6c6f67696e7c623a313b757365725f69647c733a313a2231223b7363686f6f6c5f69647c733a313a2231223b757365725f6e616d657c733a31333a2241686d6564204d6f68616d6564223b757365725f747970657c733a31303a22737570657261646d696e223b),
('rfojs8k9coj3kko3d01i3dlurvkhmn7l', '::1', 1618165191, 0x5f5f63695f6c6173745f726567656e65726174657c693a313631383136353139313b757365725f6c6f67696e5f747970657c623a313b737570657261646d696e5f6c6f67696e7c623a313b757365725f69647c733a313a2231223b7363686f6f6c5f69647c733a313a2231223b757365725f6e616d657c733a31333a2241686d6564204d6f68616d6564223b757365725f747970657c733a31303a22737570657261646d696e223b),
('hq3g5bvni0s60br2r7l6g3jtfm6b8n6n', '::1', 1618169596, 0x5f5f63695f6c6173745f726567656e65726174657c693a313631383136393539363b757365725f6c6f67696e5f747970657c623a313b737570657261646d696e5f6c6f67696e7c623a313b757365725f69647c733a313a2231223b7363686f6f6c5f69647c733a313a2231223b757365725f6e616d657c733a31333a2241686d6564204d6f68616d6564223b757365725f747970657c733a31303a22737570657261646d696e223b),
('ms8vilvpjc4ng7ng72uo153cfstsi7p6', '::1', 1617828943, 0x5f5f63695f6c6173745f726567656e65726174657c693a313631373832383934333b757365725f6c6f67696e5f747970657c623a313b737570657261646d696e5f6c6f67696e7c623a313b757365725f69647c733a313a2231223b7363686f6f6c5f69647c733a313a2231223b757365725f6e616d657c733a31333a2241686d6564204d6f68616d6564223b757365725f747970657c733a31303a22737570657261646d696e223b),
('90pl0876tvo76lalbu7fvn00o3ejb910', '::1', 1617829879, 0x5f5f63695f6c6173745f726567656e65726174657c693a313631373832393837393b757365725f6c6f67696e5f747970657c623a313b737570657261646d696e5f6c6f67696e7c623a313b757365725f69647c733a313a2231223b7363686f6f6c5f69647c733a313a2231223b757365725f6e616d657c733a31333a2241686d6564204d6f68616d6564223b757365725f747970657c733a31303a22737570657261646d696e223b),
('402o5despfdlb1q19mmiu5v1om78nv10', '::1', 1617832128, 0x5f5f63695f6c6173745f726567656e65726174657c693a313631373833323132383b757365725f6c6f67696e5f747970657c623a313b737570657261646d696e5f6c6f67696e7c623a313b757365725f69647c733a313a2231223b7363686f6f6c5f69647c733a313a2231223b757365725f6e616d657c733a31333a2241686d6564204d6f68616d6564223b757365725f747970657c733a31303a22737570657261646d696e223b),
('rtdp34mql7qscjdjih069v8kmacb1go5', '::1', 1617832128, 0x5f5f63695f6c6173745f726567656e65726174657c693a313631373833323132383b757365725f6c6f67696e5f747970657c623a313b737570657261646d696e5f6c6f67696e7c623a313b757365725f69647c733a313a2231223b7363686f6f6c5f69647c733a313a2231223b757365725f6e616d657c733a31333a2241686d6564204d6f68616d6564223b757365725f747970657c733a31303a22737570657261646d696e223b),
('2ivu280bcdlhv0ijvittd1noemj1h3nk', '::1', 1618002038, 0x5f5f63695f6c6173745f726567656e65726174657c693a313631383030323033383b757365725f6c6f67696e5f747970657c623a313b737570657261646d696e5f6c6f67696e7c623a313b757365725f69647c733a313a2231223b7363686f6f6c5f69647c733a313a2231223b757365725f6e616d657c733a31333a2241686d6564204d6f68616d6564223b757365725f747970657c733a31303a22737570657261646d696e223b),
('fvb1tuo8rpdpbsu4fiukc6p9p1fne9mk', '::1', 1618002360, 0x5f5f63695f6c6173745f726567656e65726174657c693a313631383030323336303b757365725f6c6f67696e5f747970657c623a313b737570657261646d696e5f6c6f67696e7c623a313b757365725f69647c733a313a2231223b7363686f6f6c5f69647c733a313a2231223b757365725f6e616d657c733a31333a2241686d6564204d6f68616d6564223b757365725f747970657c733a31303a22737570657261646d696e223b),
('13qiioo3f5s6d8bh90i4j60uuhskfi6l', '::1', 1618002821, 0x5f5f63695f6c6173745f726567656e65726174657c693a313631383030323832313b),
('7marba1d3c33ie9i819veuedp13tum3n', '::1', 1618002821, 0x5f5f63695f6c6173745f726567656e65726174657c693a313631383030323832313b),
('2m4ufeco8n6q7vem0qj36v5io2qpu1uh', '::1', 1618040079, 0x5f5f63695f6c6173745f726567656e65726174657c693a313631383034303037393b),
('160pq31npu6gaemr4uq87gcc3nhlp7lt', '::1', 1618043006, 0x5f5f63695f6c6173745f726567656e65726174657c693a313631383034333030363b),
('hnhek3g30puct6nofle96ivjhi7kpb33', '::1', 1618043007, 0x5f5f63695f6c6173745f726567656e65726174657c693a313631383034333030363b),
('k8bplpla6pbvelprg04i8r0k7g6ch0rq', '::1', 1618064768, 0x5f5f63695f6c6173745f726567656e65726174657c693a313631383036343736383b757365725f6c6f67696e5f747970657c623a313b737570657261646d696e5f6c6f67696e7c623a313b757365725f69647c733a313a2231223b7363686f6f6c5f69647c733a313a2231223b757365725f6e616d657c733a31333a2241686d6564204d6f68616d6564223b757365725f747970657c733a31303a22737570657261646d696e223b),
('ud76k1c7n9cjb7qlni9n1hq6ql17ba1b', '::1', 1618064070, 0x5f5f63695f6c6173745f726567656e65726174657c693a313631383036343036343b6163746976655f7363686f6f6c5f69647c733a313a2231223b),
('hq16fbtjhvns3jctcbn5kt9gmn1tloq6', '::1', 1618064406, 0x5f5f63695f6c6173745f726567656e65726174657c693a313631383036343430353b757365725f6c6f67696e5f747970657c623a313b737570657261646d696e5f6c6f67696e7c623a313b757365725f69647c733a313a2231223b7363686f6f6c5f69647c733a313a2231223b757365725f6e616d657c733a31333a2241686d6564204d6f68616d6564223b757365725f747970657c733a31303a22737570657261646d696e223b),
('1htbu8mdgtu8l2id62gs40ogqsj955qh', '::1', 1618065108, 0x5f5f63695f6c6173745f726567656e65726174657c693a313631383036353130383b757365725f6c6f67696e5f747970657c623a313b737570657261646d696e5f6c6f67696e7c623a313b757365725f69647c733a313a2231223b7363686f6f6c5f69647c733a313a2231223b757365725f6e616d657c733a31333a2241686d6564204d6f68616d6564223b757365725f747970657c733a31303a22737570657261646d696e223b),
('d0o61nbmo4k3l2vbl2e5tscq1akevi9v', '::1', 1618065413, 0x5f5f63695f6c6173745f726567656e65726174657c693a313631383036353431333b757365725f6c6f67696e5f747970657c623a313b737570657261646d696e5f6c6f67696e7c623a313b757365725f69647c733a313a2231223b7363686f6f6c5f69647c733a313a2231223b757365725f6e616d657c733a31333a2241686d6564204d6f68616d6564223b757365725f747970657c733a31303a22737570657261646d696e223b),
('mge24gro8u7frebi8bk3ttiqju517fce', '::1', 1618065419, 0x5f5f63695f6c6173745f726567656e65726174657c693a313631383036353431333b757365725f6c6f67696e5f747970657c623a313b737570657261646d696e5f6c6f67696e7c623a313b757365725f69647c733a313a2231223b7363686f6f6c5f69647c733a313a2231223b757365725f6e616d657c733a31333a2241686d6564204d6f68616d6564223b757365725f747970657c733a31303a22737570657261646d696e223b),
('svbghu9nlf2bu4290m6la4r3otagmpt9', '::1', 1618089669, 0x5f5f63695f6c6173745f726567656e65726174657c693a313631383038393636393b757365725f6c6f67696e5f747970657c623a313b737570657261646d696e5f6c6f67696e7c623a313b757365725f69647c733a313a2231223b7363686f6f6c5f69647c733a313a2231223b757365725f6e616d657c733a31333a2241686d6564204d6f68616d6564223b757365725f747970657c733a31303a22737570657261646d696e223b),
('ihppnisf1tpoa13rvtpdupra2i35uf93', '::1', 1618090015, 0x5f5f63695f6c6173745f726567656e65726174657c693a313631383039303031353b757365725f6c6f67696e5f747970657c623a313b737570657261646d696e5f6c6f67696e7c623a313b757365725f69647c733a313a2231223b7363686f6f6c5f69647c733a313a2231223b757365725f6e616d657c733a31333a2241686d6564204d6f68616d6564223b757365725f747970657c733a31303a22737570657261646d696e223b),
('7jbu0mlfnrarj7jcu6rvev82krv985kk', '::1', 1618090351, 0x5f5f63695f6c6173745f726567656e65726174657c693a313631383039303335313b757365725f6c6f67696e5f747970657c623a313b737570657261646d696e5f6c6f67696e7c623a313b757365725f69647c733a313a2231223b7363686f6f6c5f69647c733a313a2231223b757365725f6e616d657c733a31333a2241686d6564204d6f68616d6564223b757365725f747970657c733a31303a22737570657261646d696e223b),
('qrj0j3d8fsb7rjblp1gtcaahcic10rjo', '::1', 1618091436, 0x5f5f63695f6c6173745f726567656e65726174657c693a313631383039313433363b757365725f6c6f67696e5f747970657c623a313b737570657261646d696e5f6c6f67696e7c623a313b757365725f69647c733a313a2231223b7363686f6f6c5f69647c733a313a2231223b757365725f6e616d657c733a31333a2241686d6564204d6f68616d6564223b757365725f747970657c733a31303a22737570657261646d696e223b),
('m1daojns1pl3haeqct638f75stdaacpa', '::1', 1618092383, 0x5f5f63695f6c6173745f726567656e65726174657c693a313631383039323338333b757365725f6c6f67696e5f747970657c623a313b737570657261646d696e5f6c6f67696e7c623a313b757365725f69647c733a313a2231223b7363686f6f6c5f69647c733a313a2231223b757365725f6e616d657c733a31333a2241686d6564204d6f68616d6564223b757365725f747970657c733a31303a22737570657261646d696e223b),
('3ns7o52jpspnh6ah0b3gj6nj6hga1ugb', '::1', 1618094478, 0x5f5f63695f6c6173745f726567656e65726174657c693a313631383039343437383b757365725f6c6f67696e5f747970657c623a313b737570657261646d696e5f6c6f67696e7c623a313b757365725f69647c733a313a2231223b7363686f6f6c5f69647c733a313a2231223b757365725f6e616d657c733a31333a2241686d6564204d6f68616d6564223b757365725f747970657c733a31303a22737570657261646d696e223b),
('mt4830uvoujunjdvftr06ru72mrv6ka8', '::1', 1618094854, 0x5f5f63695f6c6173745f726567656e65726174657c693a313631383039343835343b757365725f6c6f67696e5f747970657c623a313b737570657261646d696e5f6c6f67696e7c623a313b757365725f69647c733a313a2231223b7363686f6f6c5f69647c733a313a2231223b757365725f6e616d657c733a31333a2241686d6564204d6f68616d6564223b757365725f747970657c733a31303a22737570657261646d696e223b),
('5vfgd94hrqgjapii0a80qp26cndds5hg', '::1', 1618095462, 0x5f5f63695f6c6173745f726567656e65726174657c693a313631383039353436323b757365725f6c6f67696e5f747970657c623a313b737570657261646d696e5f6c6f67696e7c623a313b757365725f69647c733a313a2231223b7363686f6f6c5f69647c733a313a2231223b757365725f6e616d657c733a31333a2241686d6564204d6f68616d6564223b757365725f747970657c733a31303a22737570657261646d696e223b),
('3s2q1qa5mjq5djp3q326jdda8cvg1v5h', '::1', 1618096141, 0x5f5f63695f6c6173745f726567656e65726174657c693a313631383039363134313b757365725f6c6f67696e5f747970657c623a313b737570657261646d696e5f6c6f67696e7c623a313b757365725f69647c733a313a2231223b7363686f6f6c5f69647c733a313a2231223b757365725f6e616d657c733a31333a2241686d6564204d6f68616d6564223b757365725f747970657c733a31303a22737570657261646d696e223b),
('ilf1460sh6shrccgg3t50rhf6amfh1or', '::1', 1618096252, 0x5f5f63695f6c6173745f726567656e65726174657c693a313631383039363134313b757365725f6c6f67696e5f747970657c623a313b737570657261646d696e5f6c6f67696e7c623a313b757365725f69647c733a313a2231223b7363686f6f6c5f69647c733a313a2231223b757365725f6e616d657c733a31333a2241686d6564204d6f68616d6564223b757365725f747970657c733a31303a22737570657261646d696e223b),
('rfojs8k9coj3kko3d01i3dlurvkhmn7l', '::1', 1618165191, 0x5f5f63695f6c6173745f726567656e65726174657c693a313631383136353139313b757365725f6c6f67696e5f747970657c623a313b737570657261646d696e5f6c6f67696e7c623a313b757365725f69647c733a313a2231223b7363686f6f6c5f69647c733a313a2231223b757365725f6e616d657c733a31333a2241686d6564204d6f68616d6564223b757365725f747970657c733a31303a22737570657261646d696e223b),
('hq3g5bvni0s60br2r7l6g3jtfm6b8n6n', '::1', 1618169596, 0x5f5f63695f6c6173745f726567656e65726174657c693a313631383136393539363b757365725f6c6f67696e5f747970657c623a313b737570657261646d696e5f6c6f67696e7c623a313b757365725f69647c733a313a2231223b7363686f6f6c5f69647c733a313a2231223b757365725f6e616d657c733a31333a2241686d6564204d6f68616d6564223b757365725f747970657c733a31303a22737570657261646d696e223b),
('ms8vilvpjc4ng7ng72uo153cfstsi7p6', '::1', 1617828943, 0x5f5f63695f6c6173745f726567656e65726174657c693a313631373832383934333b757365725f6c6f67696e5f747970657c623a313b737570657261646d696e5f6c6f67696e7c623a313b757365725f69647c733a313a2231223b7363686f6f6c5f69647c733a313a2231223b757365725f6e616d657c733a31333a2241686d6564204d6f68616d6564223b757365725f747970657c733a31303a22737570657261646d696e223b),
('90pl0876tvo76lalbu7fvn00o3ejb910', '::1', 1617829879, 0x5f5f63695f6c6173745f726567656e65726174657c693a313631373832393837393b757365725f6c6f67696e5f747970657c623a313b737570657261646d696e5f6c6f67696e7c623a313b757365725f69647c733a313a2231223b7363686f6f6c5f69647c733a313a2231223b757365725f6e616d657c733a31333a2241686d6564204d6f68616d6564223b757365725f747970657c733a31303a22737570657261646d696e223b),
('402o5despfdlb1q19mmiu5v1om78nv10', '::1', 1617832128, 0x5f5f63695f6c6173745f726567656e65726174657c693a313631373833323132383b757365725f6c6f67696e5f747970657c623a313b737570657261646d696e5f6c6f67696e7c623a313b757365725f69647c733a313a2231223b7363686f6f6c5f69647c733a313a2231223b757365725f6e616d657c733a31333a2241686d6564204d6f68616d6564223b757365725f747970657c733a31303a22737570657261646d696e223b),
('rtdp34mql7qscjdjih069v8kmacb1go5', '::1', 1617832128, 0x5f5f63695f6c6173745f726567656e65726174657c693a313631373833323132383b757365725f6c6f67696e5f747970657c623a313b737570657261646d696e5f6c6f67696e7c623a313b757365725f69647c733a313a2231223b7363686f6f6c5f69647c733a313a2231223b757365725f6e616d657c733a31333a2241686d6564204d6f68616d6564223b757365725f747970657c733a31303a22737570657261646d696e223b),
('2ivu280bcdlhv0ijvittd1noemj1h3nk', '::1', 1618002038, 0x5f5f63695f6c6173745f726567656e65726174657c693a313631383030323033383b757365725f6c6f67696e5f747970657c623a313b737570657261646d696e5f6c6f67696e7c623a313b757365725f69647c733a313a2231223b7363686f6f6c5f69647c733a313a2231223b757365725f6e616d657c733a31333a2241686d6564204d6f68616d6564223b757365725f747970657c733a31303a22737570657261646d696e223b),
('fvb1tuo8rpdpbsu4fiukc6p9p1fne9mk', '::1', 1618002360, 0x5f5f63695f6c6173745f726567656e65726174657c693a313631383030323336303b757365725f6c6f67696e5f747970657c623a313b737570657261646d696e5f6c6f67696e7c623a313b757365725f69647c733a313a2231223b7363686f6f6c5f69647c733a313a2231223b757365725f6e616d657c733a31333a2241686d6564204d6f68616d6564223b757365725f747970657c733a31303a22737570657261646d696e223b),
('13qiioo3f5s6d8bh90i4j60uuhskfi6l', '::1', 1618002821, 0x5f5f63695f6c6173745f726567656e65726174657c693a313631383030323832313b),
('7marba1d3c33ie9i819veuedp13tum3n', '::1', 1618002821, 0x5f5f63695f6c6173745f726567656e65726174657c693a313631383030323832313b),
('2m4ufeco8n6q7vem0qj36v5io2qpu1uh', '::1', 1618040079, 0x5f5f63695f6c6173745f726567656e65726174657c693a313631383034303037393b),
('160pq31npu6gaemr4uq87gcc3nhlp7lt', '::1', 1618043006, 0x5f5f63695f6c6173745f726567656e65726174657c693a313631383034333030363b),
('hnhek3g30puct6nofle96ivjhi7kpb33', '::1', 1618043007, 0x5f5f63695f6c6173745f726567656e65726174657c693a313631383034333030363b),
('k8bplpla6pbvelprg04i8r0k7g6ch0rq', '::1', 1618064768, 0x5f5f63695f6c6173745f726567656e65726174657c693a313631383036343736383b757365725f6c6f67696e5f747970657c623a313b737570657261646d696e5f6c6f67696e7c623a313b757365725f69647c733a313a2231223b7363686f6f6c5f69647c733a313a2231223b757365725f6e616d657c733a31333a2241686d6564204d6f68616d6564223b757365725f747970657c733a31303a22737570657261646d696e223b),
('ud76k1c7n9cjb7qlni9n1hq6ql17ba1b', '::1', 1618064070, 0x5f5f63695f6c6173745f726567656e65726174657c693a313631383036343036343b6163746976655f7363686f6f6c5f69647c733a313a2231223b),
('hq16fbtjhvns3jctcbn5kt9gmn1tloq6', '::1', 1618064406, 0x5f5f63695f6c6173745f726567656e65726174657c693a313631383036343430353b757365725f6c6f67696e5f747970657c623a313b737570657261646d696e5f6c6f67696e7c623a313b757365725f69647c733a313a2231223b7363686f6f6c5f69647c733a313a2231223b757365725f6e616d657c733a31333a2241686d6564204d6f68616d6564223b757365725f747970657c733a31303a22737570657261646d696e223b),
('1htbu8mdgtu8l2id62gs40ogqsj955qh', '::1', 1618065108, 0x5f5f63695f6c6173745f726567656e65726174657c693a313631383036353130383b757365725f6c6f67696e5f747970657c623a313b737570657261646d696e5f6c6f67696e7c623a313b757365725f69647c733a313a2231223b7363686f6f6c5f69647c733a313a2231223b757365725f6e616d657c733a31333a2241686d6564204d6f68616d6564223b757365725f747970657c733a31303a22737570657261646d696e223b),
('d0o61nbmo4k3l2vbl2e5tscq1akevi9v', '::1', 1618065413, 0x5f5f63695f6c6173745f726567656e65726174657c693a313631383036353431333b757365725f6c6f67696e5f747970657c623a313b737570657261646d696e5f6c6f67696e7c623a313b757365725f69647c733a313a2231223b7363686f6f6c5f69647c733a313a2231223b757365725f6e616d657c733a31333a2241686d6564204d6f68616d6564223b757365725f747970657c733a31303a22737570657261646d696e223b),
('mge24gro8u7frebi8bk3ttiqju517fce', '::1', 1618065419, 0x5f5f63695f6c6173745f726567656e65726174657c693a313631383036353431333b757365725f6c6f67696e5f747970657c623a313b737570657261646d696e5f6c6f67696e7c623a313b757365725f69647c733a313a2231223b7363686f6f6c5f69647c733a313a2231223b757365725f6e616d657c733a31333a2241686d6564204d6f68616d6564223b757365725f747970657c733a31303a22737570657261646d696e223b),
('svbghu9nlf2bu4290m6la4r3otagmpt9', '::1', 1618089669, 0x5f5f63695f6c6173745f726567656e65726174657c693a313631383038393636393b757365725f6c6f67696e5f747970657c623a313b737570657261646d696e5f6c6f67696e7c623a313b757365725f69647c733a313a2231223b7363686f6f6c5f69647c733a313a2231223b757365725f6e616d657c733a31333a2241686d6564204d6f68616d6564223b757365725f747970657c733a31303a22737570657261646d696e223b),
('ihppnisf1tpoa13rvtpdupra2i35uf93', '::1', 1618090015, 0x5f5f63695f6c6173745f726567656e65726174657c693a313631383039303031353b757365725f6c6f67696e5f747970657c623a313b737570657261646d696e5f6c6f67696e7c623a313b757365725f69647c733a313a2231223b7363686f6f6c5f69647c733a313a2231223b757365725f6e616d657c733a31333a2241686d6564204d6f68616d6564223b757365725f747970657c733a31303a22737570657261646d696e223b),
('7jbu0mlfnrarj7jcu6rvev82krv985kk', '::1', 1618090351, 0x5f5f63695f6c6173745f726567656e65726174657c693a313631383039303335313b757365725f6c6f67696e5f747970657c623a313b737570657261646d696e5f6c6f67696e7c623a313b757365725f69647c733a313a2231223b7363686f6f6c5f69647c733a313a2231223b757365725f6e616d657c733a31333a2241686d6564204d6f68616d6564223b757365725f747970657c733a31303a22737570657261646d696e223b),
('qrj0j3d8fsb7rjblp1gtcaahcic10rjo', '::1', 1618091436, 0x5f5f63695f6c6173745f726567656e65726174657c693a313631383039313433363b757365725f6c6f67696e5f747970657c623a313b737570657261646d696e5f6c6f67696e7c623a313b757365725f69647c733a313a2231223b7363686f6f6c5f69647c733a313a2231223b757365725f6e616d657c733a31333a2241686d6564204d6f68616d6564223b757365725f747970657c733a31303a22737570657261646d696e223b),
('m1daojns1pl3haeqct638f75stdaacpa', '::1', 1618092383, 0x5f5f63695f6c6173745f726567656e65726174657c693a313631383039323338333b757365725f6c6f67696e5f747970657c623a313b737570657261646d696e5f6c6f67696e7c623a313b757365725f69647c733a313a2231223b7363686f6f6c5f69647c733a313a2231223b757365725f6e616d657c733a31333a2241686d6564204d6f68616d6564223b757365725f747970657c733a31303a22737570657261646d696e223b),
('3ns7o52jpspnh6ah0b3gj6nj6hga1ugb', '::1', 1618094478, 0x5f5f63695f6c6173745f726567656e65726174657c693a313631383039343437383b757365725f6c6f67696e5f747970657c623a313b737570657261646d696e5f6c6f67696e7c623a313b757365725f69647c733a313a2231223b7363686f6f6c5f69647c733a313a2231223b757365725f6e616d657c733a31333a2241686d6564204d6f68616d6564223b757365725f747970657c733a31303a22737570657261646d696e223b),
('mt4830uvoujunjdvftr06ru72mrv6ka8', '::1', 1618094854, 0x5f5f63695f6c6173745f726567656e65726174657c693a313631383039343835343b757365725f6c6f67696e5f747970657c623a313b737570657261646d696e5f6c6f67696e7c623a313b757365725f69647c733a313a2231223b7363686f6f6c5f69647c733a313a2231223b757365725f6e616d657c733a31333a2241686d6564204d6f68616d6564223b757365725f747970657c733a31303a22737570657261646d696e223b),
('5vfgd94hrqgjapii0a80qp26cndds5hg', '::1', 1618095462, 0x5f5f63695f6c6173745f726567656e65726174657c693a313631383039353436323b757365725f6c6f67696e5f747970657c623a313b737570657261646d696e5f6c6f67696e7c623a313b757365725f69647c733a313a2231223b7363686f6f6c5f69647c733a313a2231223b757365725f6e616d657c733a31333a2241686d6564204d6f68616d6564223b757365725f747970657c733a31303a22737570657261646d696e223b),
('3s2q1qa5mjq5djp3q326jdda8cvg1v5h', '::1', 1618096141, 0x5f5f63695f6c6173745f726567656e65726174657c693a313631383039363134313b757365725f6c6f67696e5f747970657c623a313b737570657261646d696e5f6c6f67696e7c623a313b757365725f69647c733a313a2231223b7363686f6f6c5f69647c733a313a2231223b757365725f6e616d657c733a31333a2241686d6564204d6f68616d6564223b757365725f747970657c733a31303a22737570657261646d696e223b),
('ilf1460sh6shrccgg3t50rhf6amfh1or', '::1', 1618096252, 0x5f5f63695f6c6173745f726567656e65726174657c693a313631383039363134313b757365725f6c6f67696e5f747970657c623a313b737570657261646d696e5f6c6f67696e7c623a313b757365725f69647c733a313a2231223b7363686f6f6c5f69647c733a313a2231223b757365725f6e616d657c733a31333a2241686d6564204d6f68616d6564223b757365725f747970657c733a31303a22737570657261646d696e223b),
('rfojs8k9coj3kko3d01i3dlurvkhmn7l', '::1', 1618165191, 0x5f5f63695f6c6173745f726567656e65726174657c693a313631383136353139313b757365725f6c6f67696e5f747970657c623a313b737570657261646d696e5f6c6f67696e7c623a313b757365725f69647c733a313a2231223b7363686f6f6c5f69647c733a313a2231223b757365725f6e616d657c733a31333a2241686d6564204d6f68616d6564223b757365725f747970657c733a31303a22737570657261646d696e223b),
('hq3g5bvni0s60br2r7l6g3jtfm6b8n6n', '::1', 1618169596, 0x5f5f63695f6c6173745f726567656e65726174657c693a313631383136393539363b757365725f6c6f67696e5f747970657c623a313b737570657261646d696e5f6c6f67696e7c623a313b757365725f69647c733a313a2231223b7363686f6f6c5f69647c733a313a2231223b757365725f6e616d657c733a31333a2241686d6564204d6f68616d6564223b757365725f747970657c733a31303a22737570657261646d696e223b),
('ms8vilvpjc4ng7ng72uo153cfstsi7p6', '::1', 1617828943, 0x5f5f63695f6c6173745f726567656e65726174657c693a313631373832383934333b757365725f6c6f67696e5f747970657c623a313b737570657261646d696e5f6c6f67696e7c623a313b757365725f69647c733a313a2231223b7363686f6f6c5f69647c733a313a2231223b757365725f6e616d657c733a31333a2241686d6564204d6f68616d6564223b757365725f747970657c733a31303a22737570657261646d696e223b),
('90pl0876tvo76lalbu7fvn00o3ejb910', '::1', 1617829879, 0x5f5f63695f6c6173745f726567656e65726174657c693a313631373832393837393b757365725f6c6f67696e5f747970657c623a313b737570657261646d696e5f6c6f67696e7c623a313b757365725f69647c733a313a2231223b7363686f6f6c5f69647c733a313a2231223b757365725f6e616d657c733a31333a2241686d6564204d6f68616d6564223b757365725f747970657c733a31303a22737570657261646d696e223b),
('402o5despfdlb1q19mmiu5v1om78nv10', '::1', 1617832128, 0x5f5f63695f6c6173745f726567656e65726174657c693a313631373833323132383b757365725f6c6f67696e5f747970657c623a313b737570657261646d696e5f6c6f67696e7c623a313b757365725f69647c733a313a2231223b7363686f6f6c5f69647c733a313a2231223b757365725f6e616d657c733a31333a2241686d6564204d6f68616d6564223b757365725f747970657c733a31303a22737570657261646d696e223b),
('rtdp34mql7qscjdjih069v8kmacb1go5', '::1', 1617832128, 0x5f5f63695f6c6173745f726567656e65726174657c693a313631373833323132383b757365725f6c6f67696e5f747970657c623a313b737570657261646d696e5f6c6f67696e7c623a313b757365725f69647c733a313a2231223b7363686f6f6c5f69647c733a313a2231223b757365725f6e616d657c733a31333a2241686d6564204d6f68616d6564223b757365725f747970657c733a31303a22737570657261646d696e223b),
('2ivu280bcdlhv0ijvittd1noemj1h3nk', '::1', 1618002038, 0x5f5f63695f6c6173745f726567656e65726174657c693a313631383030323033383b757365725f6c6f67696e5f747970657c623a313b737570657261646d696e5f6c6f67696e7c623a313b757365725f69647c733a313a2231223b7363686f6f6c5f69647c733a313a2231223b757365725f6e616d657c733a31333a2241686d6564204d6f68616d6564223b757365725f747970657c733a31303a22737570657261646d696e223b),
('fvb1tuo8rpdpbsu4fiukc6p9p1fne9mk', '::1', 1618002360, 0x5f5f63695f6c6173745f726567656e65726174657c693a313631383030323336303b757365725f6c6f67696e5f747970657c623a313b737570657261646d696e5f6c6f67696e7c623a313b757365725f69647c733a313a2231223b7363686f6f6c5f69647c733a313a2231223b757365725f6e616d657c733a31333a2241686d6564204d6f68616d6564223b757365725f747970657c733a31303a22737570657261646d696e223b),
('13qiioo3f5s6d8bh90i4j60uuhskfi6l', '::1', 1618002821, 0x5f5f63695f6c6173745f726567656e65726174657c693a313631383030323832313b),
('7marba1d3c33ie9i819veuedp13tum3n', '::1', 1618002821, 0x5f5f63695f6c6173745f726567656e65726174657c693a313631383030323832313b),
('2m4ufeco8n6q7vem0qj36v5io2qpu1uh', '::1', 1618040079, 0x5f5f63695f6c6173745f726567656e65726174657c693a313631383034303037393b),
('160pq31npu6gaemr4uq87gcc3nhlp7lt', '::1', 1618043006, 0x5f5f63695f6c6173745f726567656e65726174657c693a313631383034333030363b),
('hnhek3g30puct6nofle96ivjhi7kpb33', '::1', 1618043007, 0x5f5f63695f6c6173745f726567656e65726174657c693a313631383034333030363b),
('k8bplpla6pbvelprg04i8r0k7g6ch0rq', '::1', 1618064768, 0x5f5f63695f6c6173745f726567656e65726174657c693a313631383036343736383b757365725f6c6f67696e5f747970657c623a313b737570657261646d696e5f6c6f67696e7c623a313b757365725f69647c733a313a2231223b7363686f6f6c5f69647c733a313a2231223b757365725f6e616d657c733a31333a2241686d6564204d6f68616d6564223b757365725f747970657c733a31303a22737570657261646d696e223b),
('ud76k1c7n9cjb7qlni9n1hq6ql17ba1b', '::1', 1618064070, 0x5f5f63695f6c6173745f726567656e65726174657c693a313631383036343036343b6163746976655f7363686f6f6c5f69647c733a313a2231223b),
('hq16fbtjhvns3jctcbn5kt9gmn1tloq6', '::1', 1618064406, 0x5f5f63695f6c6173745f726567656e65726174657c693a313631383036343430353b757365725f6c6f67696e5f747970657c623a313b737570657261646d696e5f6c6f67696e7c623a313b757365725f69647c733a313a2231223b7363686f6f6c5f69647c733a313a2231223b757365725f6e616d657c733a31333a2241686d6564204d6f68616d6564223b757365725f747970657c733a31303a22737570657261646d696e223b),
('1htbu8mdgtu8l2id62gs40ogqsj955qh', '::1', 1618065108, 0x5f5f63695f6c6173745f726567656e65726174657c693a313631383036353130383b757365725f6c6f67696e5f747970657c623a313b737570657261646d696e5f6c6f67696e7c623a313b757365725f69647c733a313a2231223b7363686f6f6c5f69647c733a313a2231223b757365725f6e616d657c733a31333a2241686d6564204d6f68616d6564223b757365725f747970657c733a31303a22737570657261646d696e223b),
('d0o61nbmo4k3l2vbl2e5tscq1akevi9v', '::1', 1618065413, 0x5f5f63695f6c6173745f726567656e65726174657c693a313631383036353431333b757365725f6c6f67696e5f747970657c623a313b737570657261646d696e5f6c6f67696e7c623a313b757365725f69647c733a313a2231223b7363686f6f6c5f69647c733a313a2231223b757365725f6e616d657c733a31333a2241686d6564204d6f68616d6564223b757365725f747970657c733a31303a22737570657261646d696e223b),
('mge24gro8u7frebi8bk3ttiqju517fce', '::1', 1618065419, 0x5f5f63695f6c6173745f726567656e65726174657c693a313631383036353431333b757365725f6c6f67696e5f747970657c623a313b737570657261646d696e5f6c6f67696e7c623a313b757365725f69647c733a313a2231223b7363686f6f6c5f69647c733a313a2231223b757365725f6e616d657c733a31333a2241686d6564204d6f68616d6564223b757365725f747970657c733a31303a22737570657261646d696e223b),
('svbghu9nlf2bu4290m6la4r3otagmpt9', '::1', 1618089669, 0x5f5f63695f6c6173745f726567656e65726174657c693a313631383038393636393b757365725f6c6f67696e5f747970657c623a313b737570657261646d696e5f6c6f67696e7c623a313b757365725f69647c733a313a2231223b7363686f6f6c5f69647c733a313a2231223b757365725f6e616d657c733a31333a2241686d6564204d6f68616d6564223b757365725f747970657c733a31303a22737570657261646d696e223b),
('ihppnisf1tpoa13rvtpdupra2i35uf93', '::1', 1618090015, 0x5f5f63695f6c6173745f726567656e65726174657c693a313631383039303031353b757365725f6c6f67696e5f747970657c623a313b737570657261646d696e5f6c6f67696e7c623a313b757365725f69647c733a313a2231223b7363686f6f6c5f69647c733a313a2231223b757365725f6e616d657c733a31333a2241686d6564204d6f68616d6564223b757365725f747970657c733a31303a22737570657261646d696e223b),
('7jbu0mlfnrarj7jcu6rvev82krv985kk', '::1', 1618090351, 0x5f5f63695f6c6173745f726567656e65726174657c693a313631383039303335313b757365725f6c6f67696e5f747970657c623a313b737570657261646d696e5f6c6f67696e7c623a313b757365725f69647c733a313a2231223b7363686f6f6c5f69647c733a313a2231223b757365725f6e616d657c733a31333a2241686d6564204d6f68616d6564223b757365725f747970657c733a31303a22737570657261646d696e223b),
('qrj0j3d8fsb7rjblp1gtcaahcic10rjo', '::1', 1618091436, 0x5f5f63695f6c6173745f726567656e65726174657c693a313631383039313433363b757365725f6c6f67696e5f747970657c623a313b737570657261646d696e5f6c6f67696e7c623a313b757365725f69647c733a313a2231223b7363686f6f6c5f69647c733a313a2231223b757365725f6e616d657c733a31333a2241686d6564204d6f68616d6564223b757365725f747970657c733a31303a22737570657261646d696e223b),
('m1daojns1pl3haeqct638f75stdaacpa', '::1', 1618092383, 0x5f5f63695f6c6173745f726567656e65726174657c693a313631383039323338333b757365725f6c6f67696e5f747970657c623a313b737570657261646d696e5f6c6f67696e7c623a313b757365725f69647c733a313a2231223b7363686f6f6c5f69647c733a313a2231223b757365725f6e616d657c733a31333a2241686d6564204d6f68616d6564223b757365725f747970657c733a31303a22737570657261646d696e223b),
('3ns7o52jpspnh6ah0b3gj6nj6hga1ugb', '::1', 1618094478, 0x5f5f63695f6c6173745f726567656e65726174657c693a313631383039343437383b757365725f6c6f67696e5f747970657c623a313b737570657261646d696e5f6c6f67696e7c623a313b757365725f69647c733a313a2231223b7363686f6f6c5f69647c733a313a2231223b757365725f6e616d657c733a31333a2241686d6564204d6f68616d6564223b757365725f747970657c733a31303a22737570657261646d696e223b),
('mt4830uvoujunjdvftr06ru72mrv6ka8', '::1', 1618094854, 0x5f5f63695f6c6173745f726567656e65726174657c693a313631383039343835343b757365725f6c6f67696e5f747970657c623a313b737570657261646d696e5f6c6f67696e7c623a313b757365725f69647c733a313a2231223b7363686f6f6c5f69647c733a313a2231223b757365725f6e616d657c733a31333a2241686d6564204d6f68616d6564223b757365725f747970657c733a31303a22737570657261646d696e223b),
('5vfgd94hrqgjapii0a80qp26cndds5hg', '::1', 1618095462, 0x5f5f63695f6c6173745f726567656e65726174657c693a313631383039353436323b757365725f6c6f67696e5f747970657c623a313b737570657261646d696e5f6c6f67696e7c623a313b757365725f69647c733a313a2231223b7363686f6f6c5f69647c733a313a2231223b757365725f6e616d657c733a31333a2241686d6564204d6f68616d6564223b757365725f747970657c733a31303a22737570657261646d696e223b),
('3s2q1qa5mjq5djp3q326jdda8cvg1v5h', '::1', 1618096141, 0x5f5f63695f6c6173745f726567656e65726174657c693a313631383039363134313b757365725f6c6f67696e5f747970657c623a313b737570657261646d696e5f6c6f67696e7c623a313b757365725f69647c733a313a2231223b7363686f6f6c5f69647c733a313a2231223b757365725f6e616d657c733a31333a2241686d6564204d6f68616d6564223b757365725f747970657c733a31303a22737570657261646d696e223b),
('ilf1460sh6shrccgg3t50rhf6amfh1or', '::1', 1618096252, 0x5f5f63695f6c6173745f726567656e65726174657c693a313631383039363134313b757365725f6c6f67696e5f747970657c623a313b737570657261646d696e5f6c6f67696e7c623a313b757365725f69647c733a313a2231223b7363686f6f6c5f69647c733a313a2231223b757365725f6e616d657c733a31333a2241686d6564204d6f68616d6564223b757365725f747970657c733a31303a22737570657261646d696e223b),
('rfojs8k9coj3kko3d01i3dlurvkhmn7l', '::1', 1618165191, 0x5f5f63695f6c6173745f726567656e65726174657c693a313631383136353139313b757365725f6c6f67696e5f747970657c623a313b737570657261646d696e5f6c6f67696e7c623a313b757365725f69647c733a313a2231223b7363686f6f6c5f69647c733a313a2231223b757365725f6e616d657c733a31333a2241686d6564204d6f68616d6564223b757365725f747970657c733a31303a22737570657261646d696e223b),
('hq3g5bvni0s60br2r7l6g3jtfm6b8n6n', '::1', 1618169596, 0x5f5f63695f6c6173745f726567656e65726174657c693a313631383136393539363b757365725f6c6f67696e5f747970657c623a313b737570657261646d696e5f6c6f67696e7c623a313b757365725f69647c733a313a2231223b7363686f6f6c5f69647c733a313a2231223b757365725f6e616d657c733a31333a2241686d6564204d6f68616d6564223b757365725f747970657c733a31303a22737570657261646d696e223b),
('2sfurgi08h5g72uiao7m1olnpp97jccr', '::1', 1618167144, 0x5f5f63695f6c6173745f726567656e65726174657c693a313631383136373134343b757365725f6c6f67696e5f747970657c623a313b737570657261646d696e5f6c6f67696e7c623a313b757365725f69647c733a313a2231223b7363686f6f6c5f69647c733a313a2231223b757365725f6e616d657c733a31333a2241686d6564204d6f68616d6564223b757365725f747970657c733a31303a22737570657261646d696e223b),
('9ki0aa5fhkih6pbtcli02io1pvmdt0vm', '::1', 1618167491, 0x5f5f63695f6c6173745f726567656e65726174657c693a313631383136373439313b757365725f6c6f67696e5f747970657c623a313b737570657261646d696e5f6c6f67696e7c623a313b757365725f69647c733a313a2231223b7363686f6f6c5f69647c733a313a2231223b757365725f6e616d657c733a31333a2241686d6564204d6f68616d6564223b757365725f747970657c733a31303a22737570657261646d696e223b),
('77baliu72n61lk8u05ctum43sp79cmng', '::1', 1618168044, 0x5f5f63695f6c6173745f726567656e65726174657c693a313631383136383034343b757365725f6c6f67696e5f747970657c623a313b737570657261646d696e5f6c6f67696e7c623a313b757365725f69647c733a313a2231223b7363686f6f6c5f69647c733a313a2231223b757365725f6e616d657c733a31333a2241686d6564204d6f68616d6564223b757365725f747970657c733a31303a22737570657261646d696e223b),
('kgjb45unrmv12m26r1fscsn47a0ntv56', '::1', 1618168356, 0x5f5f63695f6c6173745f726567656e65726174657c693a313631383136383335363b757365725f6c6f67696e5f747970657c623a313b737570657261646d696e5f6c6f67696e7c623a313b757365725f69647c733a313a2231223b7363686f6f6c5f69647c733a313a2231223b757365725f6e616d657c733a31333a2241686d6564204d6f68616d6564223b757365725f747970657c733a31303a22737570657261646d696e223b),
('epp9sc8v48ted54f4ubcnognmthq5rgn', '::1', 1618168365, 0x5f5f63695f6c6173745f726567656e65726174657c693a313631383136383335363b757365725f6c6f67696e5f747970657c623a313b737570657261646d696e5f6c6f67696e7c623a313b757365725f69647c733a313a2231223b7363686f6f6c5f69647c733a313a2231223b757365725f6e616d657c733a31333a2241686d6564204d6f68616d6564223b757365725f747970657c733a31303a22737570657261646d696e223b),
('j6ujke2kmrvsdf77rq35gd2hf8a308ca', '::1', 1618170138, 0x5f5f63695f6c6173745f726567656e65726174657c693a313631383137303133383b757365725f6c6f67696e5f747970657c623a313b737570657261646d696e5f6c6f67696e7c623a313b757365725f69647c733a313a2231223b7363686f6f6c5f69647c733a313a2231223b757365725f6e616d657c733a31333a2241686d6564204d6f68616d6564223b757365725f747970657c733a31303a22737570657261646d696e223b),
('i5qvhdqe49eae273qtjl677fk648ehv6', '::1', 1618170501, 0x5f5f63695f6c6173745f726567656e65726174657c693a313631383137303530313b757365725f6c6f67696e5f747970657c623a313b737570657261646d696e5f6c6f67696e7c623a313b757365725f69647c733a313a2231223b7363686f6f6c5f69647c733a313a2231223b757365725f6e616d657c733a31333a2241686d6564204d6f68616d6564223b757365725f747970657c733a31303a22737570657261646d696e223b),
('l2gthn4vk065gfo375vrrhpj0opqr41p', '::1', 1618170812, 0x5f5f63695f6c6173745f726567656e65726174657c693a313631383137303831323b757365725f6c6f67696e5f747970657c623a313b737570657261646d696e5f6c6f67696e7c623a313b757365725f69647c733a313a2231223b7363686f6f6c5f69647c733a313a2231223b757365725f6e616d657c733a31333a2241686d6564204d6f68616d6564223b757365725f747970657c733a31303a22737570657261646d696e223b),
('uehsj12uhnbvhnis6nej7qtj7nkvqbqe', '::1', 1618171318, 0x5f5f63695f6c6173745f726567656e65726174657c693a313631383137313331383b757365725f6c6f67696e5f747970657c623a313b737570657261646d696e5f6c6f67696e7c623a313b757365725f69647c733a313a2231223b7363686f6f6c5f69647c733a313a2231223b757365725f6e616d657c733a31333a2241686d6564204d6f68616d6564223b757365725f747970657c733a31303a22737570657261646d696e223b),
('hampl87hvn67fa5ib0k2qpmj3b7dljso', '::1', 1618171887, 0x5f5f63695f6c6173745f726567656e65726174657c693a313631383137313838373b757365725f6c6f67696e5f747970657c623a313b737570657261646d696e5f6c6f67696e7c623a313b757365725f69647c733a313a2231223b7363686f6f6c5f69647c733a313a2231223b757365725f6e616d657c733a31333a2241686d6564204d6f68616d6564223b757365725f747970657c733a31303a22737570657261646d696e223b),
('jdccp03bh2jv54ro1g8ic9530v4u4h4v', '::1', 1618172201, 0x5f5f63695f6c6173745f726567656e65726174657c693a313631383137323230313b6572726f725f6d6573736167657c733a37383a22d8a7d984d8a8d8b1d98ad8af20d8a7d984d8a7d984d983d8aad8b1d988d986d98a20d8a7d98820d983d984d985d8a920d8a7d984d985d8b1d988d8b120d8bad98ad8b120d8b5d8add98ad8add8a9223b5f5f63695f766172737c613a313a7b733a31333a226572726f725f6d657373616765223b733a333a226f6c64223b7d),
('bvevq9arpc4rhaivieie0nheqecunt94', '::1', 1618172531, 0x5f5f63695f6c6173745f726567656e65726174657c693a313631383137323533313b757365725f6c6f67696e5f747970657c623a313b737570657261646d696e5f6c6f67696e7c623a313b757365725f69647c733a313a2231223b7363686f6f6c5f69647c733a313a2231223b757365725f6e616d657c733a31333a2241686d6564204d6f68616d6564223b757365725f747970657c733a31303a22737570657261646d696e223b),
('vmgdongqoiln20co82ds9f0entk8gd2u', '::1', 1618172906, 0x5f5f63695f6c6173745f726567656e65726174657c693a313631383137323930363b757365725f6c6f67696e5f747970657c623a313b737570657261646d696e5f6c6f67696e7c623a313b757365725f69647c733a313a2231223b7363686f6f6c5f69647c733a313a2231223b757365725f6e616d657c733a31333a2241686d6564204d6f68616d6564223b757365725f747970657c733a31303a22737570657261646d696e223b),
('tpt3r0lvqcgvf9qnj699it371hm6d5it', '::1', 1618173031, 0x5f5f63695f6c6173745f726567656e65726174657c693a313631383137333031343b6163746976655f7363686f6f6c5f69647c733a313a2231223b),
('oqvs9obf3r7foeblfbirrn1blulndnjo', '::1', 1618173390, 0x5f5f63695f6c6173745f726567656e65726174657c693a313631383137333339303b757365725f6c6f67696e5f747970657c623a313b746561636865725f6c6f67696e7c623a313b757365725f69647c733a323a223436223b7363686f6f6c5f69647c733a313a2231223b757365725f6e616d657c733a31343a224962726168696d2048617373616e223b757365725f747970657c733a373a2274656163686572223b),
('pbq9j28pgsdd39gtjnecv735bud6quul', '::1', 1618173835, 0x5f5f63695f6c6173745f726567656e65726174657c693a313631383137333833353b757365725f6c6f67696e5f747970657c623a313b746561636865725f6c6f67696e7c623a313b757365725f69647c733a323a223436223b7363686f6f6c5f69647c733a313a2231223b757365725f6e616d657c733a31343a224962726168696d2048617373616e223b757365725f747970657c733a373a2274656163686572223b),
('b0rmo3p5u9b6d60qkou8sf8vse4in4u9', '::1', 1618174151, 0x5f5f63695f6c6173745f726567656e65726174657c693a313631383137343135313b757365725f6c6f67696e5f747970657c623a313b746561636865725f6c6f67696e7c623a313b757365725f69647c733a323a223436223b7363686f6f6c5f69647c733a313a2231223b757365725f6e616d657c733a31343a224962726168696d2048617373616e223b757365725f747970657c733a373a2274656163686572223b),
('cphfn6q6562bgp26qufaujqgf45fdqhd', '::1', 1618174644, 0x5f5f63695f6c6173745f726567656e65726174657c693a313631383137343431313b757365725f6c6f67696e5f747970657c623a313b737570657261646d696e5f6c6f67696e7c623a313b757365725f69647c733a313a2231223b7363686f6f6c5f69647c733a313a2231223b757365725f6e616d657c733a31333a2241686d6564204d6f68616d6564223b757365725f747970657c733a31303a22737570657261646d696e223b),
('0mtssc1h7n4l9fqpgjafk0tkprp4vq83', '::1', 1618235246, 0x5f5f63695f6c6173745f726567656e65726174657c693a313631383233353234363b757365725f6c6f67696e5f747970657c623a313b737570657261646d696e5f6c6f67696e7c623a313b757365725f69647c733a313a2231223b7363686f6f6c5f69647c733a313a2231223b757365725f6e616d657c733a31333a2241686d6564204d6f68616d6564223b757365725f747970657c733a31303a22737570657261646d696e223b),
('bdte07k053b08c56gmjp44jvh8a9cph0', '::1', 1618235589, 0x5f5f63695f6c6173745f726567656e65726174657c693a313631383233353538393b757365725f6c6f67696e5f747970657c623a313b737570657261646d696e5f6c6f67696e7c623a313b757365725f69647c733a313a2231223b7363686f6f6c5f69647c733a313a2231223b757365725f6e616d657c733a31333a2241686d6564204d6f68616d6564223b757365725f747970657c733a31303a22737570657261646d696e223b),
('barqhegi03u1kekkq10qpnu1vktip7n6', '::1', 1618235916, 0x5f5f63695f6c6173745f726567656e65726174657c693a313631383233353931363b757365725f6c6f67696e5f747970657c623a313b737570657261646d696e5f6c6f67696e7c623a313b757365725f69647c733a313a2231223b7363686f6f6c5f69647c733a313a2231223b757365725f6e616d657c733a31333a2241686d6564204d6f68616d6564223b757365725f747970657c733a31303a22737570657261646d696e223b),
('al5ut2tipdunod168tu1c8ik5n65c51r', '::1', 1618236293, 0x5f5f63695f6c6173745f726567656e65726174657c693a313631383233363239333b757365725f6c6f67696e5f747970657c623a313b737570657261646d696e5f6c6f67696e7c623a313b757365725f69647c733a313a2231223b7363686f6f6c5f69647c733a313a2231223b757365725f6e616d657c733a31333a2241686d6564204d6f68616d6564223b757365725f747970657c733a31303a22737570657261646d696e223b),
('1nak2ohl4gcc5qeelpvn0fna07kph2t9', '::1', 1618236645, 0x5f5f63695f6c6173745f726567656e65726174657c693a313631383233363634353b757365725f6c6f67696e5f747970657c623a313b737570657261646d696e5f6c6f67696e7c623a313b757365725f69647c733a313a2231223b7363686f6f6c5f69647c733a313a2231223b757365725f6e616d657c733a31333a2241686d6564204d6f68616d6564223b757365725f747970657c733a31303a22737570657261646d696e223b),
('u1l7ihpgkocudrgklqfqkee4irnvv414', '::1', 1618237984, 0x5f5f63695f6c6173745f726567656e65726174657c693a313631383233373938343b757365725f6c6f67696e5f747970657c623a313b737570657261646d696e5f6c6f67696e7c623a313b757365725f69647c733a313a2231223b7363686f6f6c5f69647c733a313a2231223b757365725f6e616d657c733a31333a2241686d6564204d6f68616d6564223b757365725f747970657c733a31303a22737570657261646d696e223b),
('fan1l02ibeb7mcsglj3jhs1jtkno1ksl', '::1', 1618238877, 0x5f5f63695f6c6173745f726567656e65726174657c693a313631383233383837373b757365725f6c6f67696e5f747970657c623a313b737570657261646d696e5f6c6f67696e7c623a313b757365725f69647c733a313a2231223b7363686f6f6c5f69647c733a313a2231223b757365725f6e616d657c733a31333a2241686d6564204d6f68616d6564223b757365725f747970657c733a31303a22737570657261646d696e223b),
('gqk43ifaql1prl7l932bdkjb8uvo1bl0', '::1', 1618239660, 0x5f5f63695f6c6173745f726567656e65726174657c693a313631383233393636303b757365725f6c6f67696e5f747970657c623a313b737570657261646d696e5f6c6f67696e7c623a313b757365725f69647c733a313a2231223b7363686f6f6c5f69647c733a313a2231223b757365725f6e616d657c733a31333a2241686d6564204d6f68616d6564223b757365725f747970657c733a31303a22737570657261646d696e223b);
INSERT INTO `ci_sessions` (`id`, `ip_address`, `timestamp`, `data`) VALUES
('m79m6p7m4lvggddk70nkmvjr1b08a2n6', '::1', 1618240373, 0x5f5f63695f6c6173745f726567656e65726174657c693a313631383234303337333b757365725f6c6f67696e5f747970657c623a313b737570657261646d696e5f6c6f67696e7c623a313b757365725f69647c733a313a2231223b7363686f6f6c5f69647c733a313a2231223b757365725f6e616d657c733a31333a2241686d6564204d6f68616d6564223b757365725f747970657c733a31303a22737570657261646d696e223b),
('2ev483uvv18ijfhakcgvhji39201rje1', '::1', 1618240685, 0x5f5f63695f6c6173745f726567656e65726174657c693a313631383234303638353b757365725f6c6f67696e5f747970657c623a313b737570657261646d696e5f6c6f67696e7c623a313b757365725f69647c733a313a2231223b7363686f6f6c5f69647c733a313a2231223b757365725f6e616d657c733a31333a2241686d6564204d6f68616d6564223b757365725f747970657c733a31303a22737570657261646d696e223b),
('tcedhkqjjv0ei0f5jek5e7tqjfukkmfh', '::1', 1618241044, 0x5f5f63695f6c6173745f726567656e65726174657c693a313631383234313034343b757365725f6c6f67696e5f747970657c623a313b737570657261646d696e5f6c6f67696e7c623a313b757365725f69647c733a313a2231223b7363686f6f6c5f69647c733a313a2231223b757365725f6e616d657c733a31333a2241686d6564204d6f68616d6564223b757365725f747970657c733a31303a22737570657261646d696e223b),
('a7uek62ge7c7uag9rfr7ljulug8d8bvq', '::1', 1618242066, 0x5f5f63695f6c6173745f726567656e65726174657c693a313631383234323036363b757365725f6c6f67696e5f747970657c623a313b737570657261646d696e5f6c6f67696e7c623a313b757365725f69647c733a313a2231223b7363686f6f6c5f69647c733a313a2231223b757365725f6e616d657c733a31333a2241686d6564204d6f68616d6564223b757365725f747970657c733a31303a22737570657261646d696e223b),
('l5op58u1473u1klm9g2o8lmln3tb1rk3', '::1', 1618245069, 0x5f5f63695f6c6173745f726567656e65726174657c693a313631383234353036393b757365725f6c6f67696e5f747970657c623a313b737570657261646d696e5f6c6f67696e7c623a313b757365725f69647c733a313a2231223b7363686f6f6c5f69647c733a313a2231223b757365725f6e616d657c733a31333a2241686d6564204d6f68616d6564223b757365725f747970657c733a31303a22737570657261646d696e223b),
('c226s4te5b94qejgui41blqqpb0ou09i', '::1', 1618245393, 0x5f5f63695f6c6173745f726567656e65726174657c693a313631383234353339333b757365725f6c6f67696e5f747970657c623a313b737570657261646d696e5f6c6f67696e7c623a313b757365725f69647c733a313a2231223b7363686f6f6c5f69647c733a313a2231223b757365725f6e616d657c733a31333a2241686d6564204d6f68616d6564223b757365725f747970657c733a31303a22737570657261646d696e223b),
('a9ooa3bknd7mn390mv6ccria3j4ktf0t', '::1', 1618246389, 0x5f5f63695f6c6173745f726567656e65726174657c693a313631383234363338393b757365725f6c6f67696e5f747970657c623a313b737570657261646d696e5f6c6f67696e7c623a313b757365725f69647c733a313a2231223b7363686f6f6c5f69647c733a313a2231223b757365725f6e616d657c733a31333a2241686d6564204d6f68616d6564223b757365725f747970657c733a31303a22737570657261646d696e223b),
('43lrflcv0dhukrokhh293v89qvc0d4pv', '::1', 1618246690, 0x5f5f63695f6c6173745f726567656e65726174657c693a313631383234363639303b757365725f6c6f67696e5f747970657c623a313b737570657261646d696e5f6c6f67696e7c623a313b757365725f69647c733a313a2231223b7363686f6f6c5f69647c733a313a2231223b757365725f6e616d657c733a31333a2241686d6564204d6f68616d6564223b757365725f747970657c733a31303a22737570657261646d696e223b),
('bneqtreslgjvriv1g0l8thlrp07c5b0d', '::1', 1618246720, 0x5f5f63695f6c6173745f726567656e65726174657c693a313631383234363639303b757365725f6c6f67696e5f747970657c623a313b737570657261646d696e5f6c6f67696e7c623a313b757365725f69647c733a313a2231223b7363686f6f6c5f69647c733a313a2231223b757365725f6e616d657c733a31333a2241686d6564204d6f68616d6564223b757365725f747970657c733a31303a22737570657261646d696e223b),
('ciis8e9vnl5k4iuctiapqvmuuimueu3k', '::1', 1618246819, 0x5f5f63695f6c6173745f726567656e65726174657c693a313631383234363732363b757365725f6c6f67696e5f747970657c623a313b61646d696e5f6c6f67696e7c623a313b757365725f69647c733a313a2234223b7363686f6f6c5f69647c733a313a2231223b757365725f6e616d657c733a32313a2241686d6564204d6f68616d6564204962726168696d223b757365725f747970657c733a353a2261646d696e223b),
('5v98vp55f5urjoehbmk0d5ouoai50m1v', '::1', 1618266591, 0x5f5f63695f6c6173745f726567656e65726174657c693a313631383236363539313b757365725f6c6f67696e5f747970657c623a313b737570657261646d696e5f6c6f67696e7c623a313b757365725f69647c733a313a2231223b7363686f6f6c5f69647c733a313a2231223b757365725f6e616d657c733a31333a2241686d6564204d6f68616d6564223b757365725f747970657c733a31303a22737570657261646d696e223b),
('p8c1e67bp5i75rigrllv9jbmlck6r7fd', '::1', 1618266592, 0x5f5f63695f6c6173745f726567656e65726174657c693a313631383236363539313b757365725f6c6f67696e5f747970657c623a313b737570657261646d696e5f6c6f67696e7c623a313b757365725f69647c733a313a2231223b7363686f6f6c5f69647c733a313a2231223b757365725f6e616d657c733a31333a2241686d6564204d6f68616d6564223b757365725f747970657c733a31303a22737570657261646d696e223b),
('ir4an9h9a387jphtlg6jh9iud6rf8gh3', '::1', 1618321992, 0x5f5f63695f6c6173745f726567656e65726174657c693a313631383332313939323b757365725f6c6f67696e5f747970657c623a313b737570657261646d696e5f6c6f67696e7c623a313b757365725f69647c733a313a2231223b7363686f6f6c5f69647c733a313a2231223b757365725f6e616d657c733a31333a2241686d6564204d6f68616d6564223b757365725f747970657c733a31303a22737570657261646d696e223b),
('2qpagcf2nqemu8ccriqeh1s3mcnjjk9q', '::1', 1618322503, 0x5f5f63695f6c6173745f726567656e65726174657c693a313631383332323530333b757365725f6c6f67696e5f747970657c623a313b737570657261646d696e5f6c6f67696e7c623a313b757365725f69647c733a313a2231223b7363686f6f6c5f69647c733a313a2231223b757365725f6e616d657c733a31333a2241686d6564204d6f68616d6564223b757365725f747970657c733a31303a22737570657261646d696e223b),
('93lgghn8ojvcanutt95po49vki7qn1sd', '::1', 1618324998, 0x5f5f63695f6c6173745f726567656e65726174657c693a313631383332343939383b757365725f6c6f67696e5f747970657c623a313b737570657261646d696e5f6c6f67696e7c623a313b757365725f69647c733a313a2231223b7363686f6f6c5f69647c733a313a2231223b757365725f6e616d657c733a31333a2241686d6564204d6f68616d6564223b757365725f747970657c733a31303a22737570657261646d696e223b),
('pdutfdfk0f5vcucv7g3841lie1r109pt', '::1', 1618325683, 0x5f5f63695f6c6173745f726567656e65726174657c693a313631383332353638333b757365725f6c6f67696e5f747970657c623a313b737570657261646d696e5f6c6f67696e7c623a313b757365725f69647c733a313a2231223b7363686f6f6c5f69647c733a313a2231223b757365725f6e616d657c733a31333a2241686d6564204d6f68616d6564223b757365725f747970657c733a31303a22737570657261646d696e223b),
('bp0335o2n4kk82rgj3tvl53j7q5q447s', '::1', 1618327184, 0x5f5f63695f6c6173745f726567656e65726174657c693a313631383332373138343b757365725f6c6f67696e5f747970657c623a313b746561636865725f6c6f67696e7c623a313b757365725f69647c733a323a223135223b7363686f6f6c5f69647c733a313a2231223b757365725f6e616d657c733a31323a22546561636865722044656d6f223b757365725f747970657c733a373a2274656163686572223b),
('1j0ep5m7jgpk0uqvnhidv85jnfreaotg', '::1', 1618327855, 0x5f5f63695f6c6173745f726567656e65726174657c693a313631383332373835353b757365725f6c6f67696e5f747970657c623a313b746561636865725f6c6f67696e7c623a313b757365725f69647c733a323a223135223b7363686f6f6c5f69647c733a313a2231223b757365725f6e616d657c733a31323a22546561636865722044656d6f223b757365725f747970657c733a373a2274656163686572223b),
('cuea2c52ttdor2uk18b2v6ucbvhhe877', '::1', 1618328217, 0x5f5f63695f6c6173745f726567656e65726174657c693a313631383332383231373b757365725f6c6f67696e5f747970657c623a313b746561636865725f6c6f67696e7c623a313b757365725f69647c733a323a223135223b7363686f6f6c5f69647c733a313a2231223b757365725f6e616d657c733a31323a22546561636865722044656d6f223b757365725f747970657c733a373a2274656163686572223b),
('3m3ajupu4blqkg35dktm8bjsrr81mtco', '::1', 1618328648, 0x5f5f63695f6c6173745f726567656e65726174657c693a313631383332383634383b757365725f6c6f67696e5f747970657c623a313b746561636865725f6c6f67696e7c623a313b757365725f69647c733a323a223135223b7363686f6f6c5f69647c733a313a2231223b757365725f6e616d657c733a31323a22546561636865722044656d6f223b757365725f747970657c733a373a2274656163686572223b666c6173685f6d6573736167657c733a32353a22d985d8b1d8add8a8d8a7d98b20d8a8d8b9d988d8afd8aad983223b5f5f63695f766172737c613a313a7b733a31333a22666c6173685f6d657373616765223b733a333a226f6c64223b7d),
('2icr5td77mlsu5mej5mmvveoe56rrvv5', '::1', 1618329699, 0x5f5f63695f6c6173745f726567656e65726174657c693a313631383332393639393b757365725f6c6f67696e5f747970657c623a313b737570657261646d696e5f6c6f67696e7c623a313b757365725f69647c733a313a2231223b7363686f6f6c5f69647c733a313a2231223b757365725f6e616d657c733a31333a2241686d6564204d6f68616d6564223b757365725f747970657c733a31303a22737570657261646d696e223b),
('jdckq468bgmfn0vlc5c39clce14gq6ri', '::1', 1618329225, 0x5f5f63695f6c6173745f726567656e65726174657c693a313631383332393232353b757365725f6c6f67696e5f747970657c623a313b746561636865725f6c6f67696e7c623a313b757365725f69647c733a323a223135223b7363686f6f6c5f69647c733a313a2231223b757365725f6e616d657c733a31323a22546561636865722044656d6f223b757365725f747970657c733a373a2274656163686572223b),
('6m8ngbmg6pbolhbv2s26sved04g1hniq', '::1', 1618329539, 0x5f5f63695f6c6173745f726567656e65726174657c693a313631383332393533393b757365725f6c6f67696e5f747970657c623a313b746561636865725f6c6f67696e7c623a313b757365725f69647c733a323a223135223b7363686f6f6c5f69647c733a313a2231223b757365725f6e616d657c733a31323a22546561636865722044656d6f223b757365725f747970657c733a373a2274656163686572223b),
('icim25o7pgpsi8pgmij4idbvfcfru0lm', '::1', 1618335730, 0x5f5f63695f6c6173745f726567656e65726174657c693a313631383333353733303b757365725f6c6f67696e5f747970657c623a313b746561636865725f6c6f67696e7c623a313b757365725f69647c733a323a223135223b7363686f6f6c5f69647c733a313a2231223b757365725f6e616d657c733a31323a22546561636865722044656d6f223b757365725f747970657c733a373a2274656163686572223b),
('h889nmred15s8panlorpsd2jmvp2le85', '::1', 1618329932, 0x5f5f63695f6c6173745f726567656e65726174657c693a313631383332393639393b757365725f6c6f67696e5f747970657c623a313b737570657261646d696e5f6c6f67696e7c623a313b757365725f69647c733a313a2231223b7363686f6f6c5f69647c733a313a2231223b757365725f6e616d657c733a31333a2241686d6564204d6f68616d6564223b757365725f747970657c733a31303a22737570657261646d696e223b),
('s7jfet5jo543cf8qh8v0d4r94tdfih4g', '::1', 1618335777, 0x5f5f63695f6c6173745f726567656e65726174657c693a313631383333353733353b757365725f6c6f67696e5f747970657c623a313b737570657261646d696e5f6c6f67696e7c623a313b757365725f69647c733a313a2231223b7363686f6f6c5f69647c733a313a2231223b757365725f6e616d657c733a31333a2241686d6564204d6f68616d6564223b757365725f747970657c733a31303a22737570657261646d696e223b),
('obh81i9hosul1j3s7ddhaa4njft6471l', '::1', 1618351293, 0x5f5f63695f6c6173745f726567656e65726174657c693a313631383335313239333b757365725f6c6f67696e5f747970657c623a313b746561636865725f6c6f67696e7c623a313b757365725f69647c733a323a223135223b7363686f6f6c5f69647c733a313a2231223b757365725f6e616d657c733a31323a22546561636865722044656d6f223b757365725f747970657c733a373a2274656163686572223b666c6173685f6d6573736167657c733a32353a22d985d8b1d8add8a8d8a7d98b20d8a8d8b9d988d8afd8aad983223b5f5f63695f766172737c613a313a7b733a31333a22666c6173685f6d657373616765223b733a333a226f6c64223b7d),
('lv41c7qd1ldi7fut38jk2uou1af4rc2t', '::1', 1618351293, 0x5f5f63695f6c6173745f726567656e65726174657c693a313631383335313239333b),
('nc08j048v6diejbr3bhi0a53n1j5u605', '::1', 1618609099, 0x5f5f63695f6c6173745f726567656e65726174657c693a313631383630393039393b),
('khvoi7mmak0udgito5m3705u9afv2vff', '::1', 1618610448, 0x5f5f63695f6c6173745f726567656e65726174657c693a313631383631303434383b757365725f6c6f67696e5f747970657c623a313b737570657261646d696e5f6c6f67696e7c623a313b757365725f69647c733a313a2231223b7363686f6f6c5f69647c733a313a2231223b757365725f6e616d657c733a31333a2241686d6564204d6f68616d6564223b757365725f747970657c733a31303a22737570657261646d696e223b666c6173685f6d6573736167657c733a32353a22d985d8b1d8add8a8d8a7d98b20d8a8d8b9d988d8afd8aad983223b5f5f63695f766172737c613a313a7b733a31333a22666c6173685f6d657373616765223b733a333a226f6c64223b7d),
('q1g72jmkv549hcvbh7bff5kaovb2nkab', '::1', 1618610804, 0x5f5f63695f6c6173745f726567656e65726174657c693a313631383631303830343b757365725f6c6f67696e5f747970657c623a313b737570657261646d696e5f6c6f67696e7c623a313b757365725f69647c733a313a2231223b7363686f6f6c5f69647c733a313a2231223b757365725f6e616d657c733a31333a2241686d6564204d6f68616d6564223b757365725f747970657c733a31303a22737570657261646d696e223b),
('os6hu8cqk8aagotsm8ubmo98pfv5b91m', '::1', 1618611017, 0x5f5f63695f6c6173745f726567656e65726174657c693a313631383631303830343b757365725f6c6f67696e5f747970657c623a313b737570657261646d696e5f6c6f67696e7c623a313b757365725f69647c733a313a2231223b7363686f6f6c5f69647c733a313a2231223b757365725f6e616d657c733a31333a2241686d6564204d6f68616d6564223b757365725f747970657c733a31303a22737570657261646d696e223b);

-- --------------------------------------------------------

--
-- Table structure for table `classes`
--

CREATE TABLE `classes` (
  `id` int(11) UNSIGNED NOT NULL,
  `name` varchar(255) COLLATE utf8_unicode_ci DEFAULT NULL,
  `school_id` int(11) DEFAULT NULL
) ENGINE=InnoDB DEFAULT CHARSET=utf8 COLLATE=utf8_unicode_ci;

--
-- Dumping data for table `classes`
--

INSERT INTO `classes` (`id`, `name`, `school_id`) VALUES
(1, '', 1),
(2, '', 1),
(3, '', 1),
(4, '', 1);

-- --------------------------------------------------------

--
-- Table structure for table `class_rooms`
--

CREATE TABLE `class_rooms` (
  `id` int(11) UNSIGNED NOT NULL,
  `name` varchar(255) COLLATE utf8_unicode_ci DEFAULT NULL,
  `school_id` int(11) DEFAULT NULL
) ENGINE=InnoDB DEFAULT CHARSET=utf8 COLLATE=utf8_unicode_ci;

-- --------------------------------------------------------

--
-- Table structure for table `common_settings`
--

CREATE TABLE `common_settings` (
  `id` int(11) NOT NULL,
  `type` varchar(255) COLLATE utf8_unicode_ci DEFAULT NULL,
  `description` longtext COLLATE utf8_unicode_ci DEFAULT NULL
) ENGINE=InnoDB DEFAULT CHARSET=utf8 COLLATE=utf8_unicode_ci;

--
-- Dumping data for table `common_settings`
--

INSERT INTO `common_settings` (`id`, `type`, `description`) VALUES
(1, 'recaptcha_status', '0'),
(2, 'recaptcha_sitekey', 'enter-your-recaptcha-sitekey'),
(3, 'recaptcha_secretkey', 'enter-your-recaptcha-secretkey');

-- --------------------------------------------------------

--
-- Table structure for table `currencies`
--

CREATE TABLE `currencies` (
  `id` int(11) NOT NULL,
  `name` varchar(255) COLLATE utf8_unicode_ci DEFAULT NULL,
  `code` varchar(255) COLLATE utf8_unicode_ci DEFAULT NULL,
  `symbol` varchar(255) COLLATE utf8_unicode_ci DEFAULT NULL,
  `paypal_supported` int(11) DEFAULT NULL,
  `stripe_supported` int(11) DEFAULT NULL,
  `paystack_supported` int(11) DEFAULT 0,
  `payumoney_supported` int(11) NOT NULL DEFAULT 0
) ENGINE=InnoDB DEFAULT CHARSET=utf8 COLLATE=utf8_unicode_ci ROW_FORMAT=COMPACT;

--
-- Dumping data for table `currencies`
--

INSERT INTO `currencies` (`id`, `name`, `code`, `symbol`, `paypal_supported`, `stripe_supported`, `paystack_supported`, `payumoney_supported`) VALUES
(1, 'Leke', 'ALL', 'Lek', 0, 1, 0, 1),
(2, 'Dollars', 'USD', '$', 1, 1, 0, 1),
(3, 'Afghanis', 'AFN', '', 0, 1, 0, 1),
(4, 'Pesos', 'ARS', '$', 0, 1, 0, 1),
(5, 'Guilders', 'AWG', '', 0, 1, 0, 1),
(6, 'Dollars', 'AUD', '$', 1, 1, 0, 1),
(7, 'New Manats', 'AZN', '', 0, 1, 0, 1),
(8, 'Dollars', 'BSD', '$', 0, 1, 0, 1),
(9, 'Dollars', 'BBD', '$', 0, 1, 0, 1),
(10, 'Rubles', 'BYR', 'p.', 0, 0, 0, 1),
(11, 'Euro', 'EUR', '', 1, 1, 0, 1),
(12, 'Dollars', 'BZD', 'BZ$', 0, 1, 0, 1),
(13, 'Dollars', 'BMD', '$', 0, 1, 0, 1),
(14, 'Bolivianos', 'BOB', '$b', 0, 1, 0, 1),
(15, 'Convertible Marka', 'BAM', 'KM', 0, 1, 0, 1),
(16, 'Pula', 'BWP', 'P', 0, 1, 0, 1),
(17, 'Leva', 'BGN', '', 0, 1, 0, 1),
(18, 'Reais', 'BRL', 'R$', 1, 1, 0, 1),
(19, 'Pounds', 'GBP', '', 1, 1, 0, 1),
(20, 'Dollars', 'BND', '$', 0, 1, 0, 1),
(21, 'Riels', 'KHR', '', 0, 1, 0, 1),
(22, 'Dollars', 'CAD', '$', 1, 1, 0, 1),
(23, 'Dollars', 'KYD', '$', 0, 1, 0, 1),
(24, 'Pesos', 'CLP', '$', 0, 1, 0, 1),
(25, 'Yuan Renminbi', 'CNY', '', 0, 1, 0, 1),
(26, 'Pesos', 'COP', '$', 0, 1, 0, 1),
(27, 'Coln', 'CRC', '', 0, 1, 0, 1),
(28, 'Kuna', 'HRK', 'kn', 0, 1, 0, 1),
(29, 'Pesos', 'CUP', '', 0, 0, 0, 1),
(30, 'Koruny', 'CZK', 'K', 1, 1, 0, 1),
(31, 'Kroner', 'DKK', 'kr', 1, 1, 0, 1),
(32, 'Pesos', 'DOP ', 'RD$', 0, 1, 0, 1),
(33, 'Dollars', 'XCD', '$', 0, 1, 0, 1),
(34, 'Pounds', 'EGP', '', 0, 1, 0, 1),
(35, 'Colones', 'SVC', '$', 0, 0, 0, 1),
(36, 'Pounds', 'FKP', '', 0, 1, 0, 1),
(37, 'Dollars', 'FJD', '$', 0, 1, 0, 1),
(38, 'Cedis', 'GHC', '', 0, 0, 0, 1),
(39, 'Pounds', 'GIP', '', 0, 1, 0, 1),
(40, 'Quetzales', 'GTQ', 'Q', 0, 1, 0, 1),
(41, 'Pounds', 'GGP', '', 0, 0, 0, 1),
(42, 'Dollars', 'GYD', '$', 0, 1, 0, 1),
(43, 'Lempiras', 'HNL', 'L', 0, 1, 0, 1),
(44, 'Dollars', 'HKD', '$', 1, 1, 0, 1),
(45, 'Forint', 'HUF', 'Ft', 1, 1, 0, 1),
(46, 'Kronur', 'ISK', 'kr', 0, 1, 0, 1),
(47, 'Rupees', 'INR', 'Rp', 1, 1, 0, 1),
(48, 'Rupiahs', 'IDR', 'Rp', 0, 1, 0, 1),
(49, 'Rials', 'IRR', '', 0, 0, 0, 1),
(50, 'Pounds', 'IMP', '', 0, 0, 0, 1),
(51, 'New Shekels', 'ILS', '', 1, 1, 0, 1),
(52, 'Dollars', 'JMD', 'J$', 0, 1, 0, 1),
(53, 'Yen', 'JPY', '', 1, 1, 0, 1),
(54, 'Pounds', 'JEP', '', 0, 0, 0, 1),
(55, 'Tenge', 'KZT', '', 0, 1, 0, 1),
(56, 'Won', 'KPW', '', 0, 0, 0, 1),
(57, 'Won', 'KRW', '', 0, 1, 0, 1),
(58, 'Soms', 'KGS', '', 0, 1, 0, 1),
(59, 'Kips', 'LAK', '', 0, 1, 0, 1),
(60, 'Lati', 'LVL', 'Ls', 0, 0, 0, 1),
(61, 'Pounds', 'LBP', '', 0, 1, 0, 1),
(62, 'Dollars', 'LRD', '$', 0, 1, 0, 1),
(63, 'Switzerland Francs', 'CHF', 'CHF', 1, 1, 0, 1),
(64, 'Litai', 'LTL', 'Lt', 0, 0, 0, 1),
(65, 'Denars', 'MKD', '', 0, 1, 0, 1),
(66, 'Ringgits', 'MYR', 'RM', 1, 1, 0, 1),
(67, 'Rupees', 'MUR', '', 0, 1, 0, 1),
(68, 'Pesos', 'MXN', '$', 1, 1, 0, 1),
(69, 'Tugriks', 'MNT', '', 0, 1, 0, 1),
(70, 'Meticais', 'MZN', 'MT', 0, 1, 0, 1),
(71, 'Dollars', 'NAD', '$', 0, 1, 0, 1),
(72, 'Rupees', 'NPR', '', 0, 1, 0, 1),
(73, 'Guilders', 'ANG', '', 0, 1, 0, 1),
(74, 'Dollars', 'NZD', '$', 1, 1, 0, 1),
(75, 'Cordobas', 'NIO', 'C$', 0, 1, 0, 1),
(76, 'Nairas', 'NGN', '', 0, 1, 1, 1),
(77, 'Krone', 'NOK', 'kr', 1, 1, 0, 1),
(78, 'Rials', 'OMR', '', 0, 0, 0, 1),
(79, 'Rupees', 'PKR', '', 0, 1, 0, 1),
(80, 'Balboa', 'PAB', 'B/.', 0, 1, 0, 1),
(81, 'Guarani', 'PYG', 'Gs', 0, 1, 0, 1),
(82, 'Nuevos Soles', 'PEN', 'S/.', 0, 1, 0, 1),
(83, 'Pesos', 'PHP', 'Php', 1, 1, 0, 1),
(84, 'Zlotych', 'PLN', 'z', 1, 1, 0, 1),
(85, 'Rials', 'QAR', '', 0, 1, 0, 1),
(86, 'New Lei', 'RON', 'lei', 0, 1, 0, 1),
(87, 'Rubles', 'RUB', '', 1, 1, 0, 1),
(88, 'Pounds', 'SHP', '', 0, 1, 0, 1),
(89, 'Riyals', 'SAR', '', 0, 1, 0, 1),
(90, 'Dinars', 'RSD', '.', 0, 1, 0, 1),
(91, 'Rupees', 'SCR', '', 0, 1, 0, 1),
(92, 'Dollars', 'SGD', '$', 1, 1, 0, 1),
(93, 'Dollars', 'SBD', '$', 0, 1, 0, 1),
(94, 'Shillings', 'SOS', 'S', 0, 1, 0, 1),
(95, 'Rand', 'ZAR', 'R', 0, 1, 0, 1),
(96, 'Rupees', 'LKR', '', 0, 1, 0, 1),
(97, 'Kronor', 'SEK', 'kr', 1, 1, 0, 1),
(98, 'Dollars', 'SRD', '$', 0, 1, 0, 1),
(99, 'Pounds', 'SYP', '', 0, 0, 0, 1),
(100, 'New Dollars', 'TWD', 'NT$', 1, 1, 0, 1),
(101, 'Baht', 'THB', '', 1, 1, 0, 1),
(102, 'Dollars', 'TTD', 'TT$', 0, 1, 0, 1),
(103, 'Lira', 'TRY', 'TL', 0, 1, 0, 1),
(104, 'Liras', 'TRL', '', 0, 0, 0, 1),
(105, 'Dollars', 'TVD', '$', 0, 0, 0, 1),
(106, 'Hryvnia', 'UAH', '', 0, 1, 0, 1),
(107, 'Pesos', 'UYU', '$U', 0, 1, 0, 1),
(108, 'Sums', 'UZS', '', 0, 1, 0, 1),
(109, 'Bolivares Fuertes', 'VEF', 'Bs', 0, 0, 0, 1),
(110, 'Dong', 'VND', '', 0, 1, 0, 1),
(111, 'Rials', 'YER', '', 0, 1, 0, 1),
(112, 'Zimbabwe Dollars', 'ZWD', 'Z$', 0, 0, 0, 1);

-- --------------------------------------------------------

--
-- Table structure for table `daily_attendances`
--

CREATE TABLE `daily_attendances` (
  `id` int(11) NOT NULL,
  `timestamp` varchar(255) COLLATE utf8_unicode_ci DEFAULT NULL,
  `class_id` int(11) DEFAULT NULL,
  `section_id` int(11) DEFAULT NULL,
  `student_id` int(11) DEFAULT NULL,
  `status` int(11) DEFAULT NULL,
  `session_id` varchar(255) COLLATE utf8_unicode_ci DEFAULT NULL,
  `school_id` int(11) NOT NULL
) ENGINE=InnoDB DEFAULT CHARSET=utf8 COLLATE=utf8_unicode_ci;

--
-- Dumping data for table `daily_attendances`
--

INSERT INTO `daily_attendances` (`id`, `timestamp`, `class_id`, `section_id`, `student_id`, `status`, `session_id`, `school_id`) VALUES
(1, '1617746400', 1, 1, 1, 1, '1', 1),
(2, '1618092000', 1, 1, 1, 1, '1', 1),
(3, '1618092000', 1, 1, 2, 1, '1', 1),
(4, '1618092000', 1, 1, 3, 1, '1', 1),
(5, '1618092000', 1, 1, 4, 1, '1', 1),
(6, '1618092000', 1, 1, 5, 1, '1', 1),
(7, '1618092000', 1, 1, 6, 1, '1', 1),
(8, '1618092000', 1, 1, 7, 1, '1', 1),
(9, '1618092000', 1, 1, 8, 1, '1', 1),
(10, '1618092000', 1, 1, 9, 1, '1', 1),
(11, '1618092000', 1, 1, 10, 1, '1', 1);

-- --------------------------------------------------------

--
-- Table structure for table `departments`
--

CREATE TABLE `departments` (
  `id` int(11) UNSIGNED NOT NULL,
  `name` varchar(255) COLLATE utf8_unicode_ci DEFAULT NULL,
  `school_id` int(11) NOT NULL
) ENGINE=InnoDB DEFAULT CHARSET=utf8 COLLATE=utf8_unicode_ci;

--
-- Dumping data for table `departments`
--

INSERT INTO `departments` (`id`, `name`, `school_id`) VALUES
(1, ' ', 1);

-- --------------------------------------------------------

--
-- Table structure for table `enrols`
--

CREATE TABLE `enrols` (
  `id` int(11) UNSIGNED NOT NULL,
  `student_id` int(11) DEFAULT NULL,
  `class_id` int(11) DEFAULT NULL,
  `section_id` int(11) DEFAULT NULL,
  `school_id` int(11) DEFAULT NULL,
  `session` varchar(255) COLLATE utf8_unicode_ci DEFAULT NULL
) ENGINE=InnoDB DEFAULT CHARSET=utf8 COLLATE=utf8_unicode_ci ROW_FORMAT=COMPACT;

--
-- Dumping data for table `enrols`
--

INSERT INTO `enrols` (`id`, `student_id`, `class_id`, `section_id`, `school_id`, `session`) VALUES
(3, 3, 1, 1, 1, '1'),
(4, 4, 1, 1, 1, '1'),
(5, 5, 1, 1, 1, '1'),
(6, 6, 1, 1, 1, '1'),
(7, 7, 1, 1, 1, '1'),
(8, 8, 1, 1, 1, '1'),
(9, 9, 1, 1, 1, '1'),
(10, 10, 1, 1, 1, '1'),
(11, 11, 1, 1, 1, '1'),
(12, 12, 1, 1, 1, '1');

-- --------------------------------------------------------

--
-- Table structure for table `event_calendars`
--

CREATE TABLE `event_calendars` (
  `id` int(11) NOT NULL,
  `title` longtext COLLATE utf8_unicode_ci DEFAULT NULL,
  `starting_date` varchar(255) COLLATE utf8_unicode_ci DEFAULT NULL,
  `ending_date` varchar(255) COLLATE utf8_unicode_ci DEFAULT NULL,
  `school_id` int(10) DEFAULT NULL,
  `session` int(10) DEFAULT NULL
) ENGINE=InnoDB DEFAULT CHARSET=utf8 COLLATE=utf8_unicode_ci;

-- --------------------------------------------------------

--
-- Table structure for table `exams`
--

CREATE TABLE `exams` (
  `id` int(11) UNSIGNED NOT NULL,
  `name` varchar(255) COLLATE utf8_unicode_ci DEFAULT NULL,
  `starting_date` varchar(255) COLLATE utf8_unicode_ci DEFAULT NULL,
  `ending_date` varchar(255) COLLATE utf8_unicode_ci DEFAULT NULL,
  `school_id` int(11) DEFAULT NULL,
  `session` varchar(255) COLLATE utf8_unicode_ci DEFAULT NULL
) ENGINE=InnoDB DEFAULT CHARSET=utf8 COLLATE=utf8_unicode_ci;

--
-- Dumping data for table `exams`
--

INSERT INTO `exams` (`id`, `name`, `starting_date`, `ending_date`, `school_id`, `session`) VALUES
(1, 'test', '1618092000', '1618092000', 1, '1');

-- --------------------------------------------------------

--
-- Table structure for table `expenses`
--

CREATE TABLE `expenses` (
  `id` int(11) UNSIGNED NOT NULL,
  `expense_category_id` int(11) DEFAULT NULL,
  `date` int(11) DEFAULT NULL,
  `amount` varchar(255) COLLATE utf8_unicode_ci DEFAULT NULL,
  `school_id` int(11) DEFAULT NULL,
  `session` varchar(255) COLLATE utf8_unicode_ci DEFAULT '',
  `created_at` int(11) DEFAULT NULL,
  `updated_at` int(11) DEFAULT NULL
) ENGINE=InnoDB DEFAULT CHARSET=utf8 COLLATE=utf8_unicode_ci;

-- --------------------------------------------------------

--
-- Table structure for table `expense_categories`
--

CREATE TABLE `expense_categories` (
  `id` int(11) UNSIGNED NOT NULL,
  `name` varchar(255) COLLATE utf8_unicode_ci DEFAULT NULL,
  `school_id` int(11) DEFAULT NULL,
  `session` varchar(255) COLLATE utf8_unicode_ci DEFAULT NULL
) ENGINE=InnoDB DEFAULT CHARSET=utf8 COLLATE=utf8_unicode_ci;

-- --------------------------------------------------------

--
-- Table structure for table `frontend_events`
--

CREATE TABLE `frontend_events` (
  `frontend_events_id` int(11) NOT NULL,
  `title` text COLLATE utf8_unicode_ci DEFAULT NULL,
  `timestamp` int(11) NOT NULL,
  `status` int(11) NOT NULL DEFAULT 0 COMMENT '0-inactive, 1-active',
  `school_id` int(11) NOT NULL,
  `created_by` int(11) NOT NULL
) ENGINE=InnoDB DEFAULT CHARSET=utf8 COLLATE=utf8_unicode_ci;

-- --------------------------------------------------------

--
-- Table structure for table `frontend_gallery`
--

CREATE TABLE `frontend_gallery` (
  `frontend_gallery_id` int(11) NOT NULL,
  `title` text COLLATE utf8_unicode_ci DEFAULT NULL,
  `description` longtext COLLATE utf8_unicode_ci DEFAULT NULL,
  `date_added` int(11) DEFAULT NULL,
  `image` text COLLATE utf8_unicode_ci DEFAULT NULL,
  `show_on_website` int(11) NOT NULL DEFAULT 0 COMMENT '0-no 1-yes',
  `school_id` int(11) DEFAULT NULL
) ENGINE=InnoDB DEFAULT CHARSET=utf8 COLLATE=utf8_unicode_ci;

-- --------------------------------------------------------

--
-- Table structure for table `frontend_gallery_image`
--

CREATE TABLE `frontend_gallery_image` (
  `frontend_gallery_image_id` int(11) NOT NULL,
  `frontend_gallery_id` int(11) DEFAULT NULL,
  `title` text COLLATE utf8_unicode_ci DEFAULT NULL,
  `image` text COLLATE utf8_unicode_ci DEFAULT NULL
) ENGINE=InnoDB DEFAULT CHARSET=utf8 COLLATE=utf8_unicode_ci;

-- --------------------------------------------------------

--
-- Table structure for table `frontend_settings`
--

CREATE TABLE `frontend_settings` (
  `id` int(11) NOT NULL,
  `about_us` longtext COLLATE utf8_unicode_ci DEFAULT NULL,
  `terms_conditions` longtext COLLATE utf8_unicode_ci DEFAULT NULL,
  `privacy_policy` longtext COLLATE utf8_unicode_ci DEFAULT NULL,
  `social_links` longtext COLLATE utf8_unicode_ci DEFAULT NULL,
  `copyright_text` longtext COLLATE utf8_unicode_ci DEFAULT NULL,
  `about_us_image` longtext COLLATE utf8_unicode_ci DEFAULT NULL,
  `slider_images` longtext COLLATE utf8_unicode_ci DEFAULT NULL,
  `theme` longtext COLLATE utf8_unicode_ci DEFAULT NULL,
  `homepage_note_title` longtext COLLATE utf8_unicode_ci DEFAULT NULL,
  `homepage_note_description` longtext COLLATE utf8_unicode_ci DEFAULT NULL,
  `website_title` varchar(255) COLLATE utf8_unicode_ci DEFAULT NULL
) ENGINE=InnoDB DEFAULT CHARSET=utf8 COLLATE=utf8_unicode_ci;

--
-- Dumping data for table `frontend_settings`
--

INSERT INTO `frontend_settings` (`id`, `about_us`, `terms_conditions`, `privacy_policy`, `social_links`, `copyright_text`, `about_us_image`, `slider_images`, `theme`, `homepage_note_title`, `homepage_note_description`, `website_title`) VALUES
(1, '&lt;h1&gt;About Our Schools&lt;/h1&gt;It is a long established fact that a reader will be distracted by the readable content of a page when looking at its layout. The point of using Lorem Ipsum is that it has a more-or-less normal distribution of letters, as opposed to using &#039;Content here, content here&#039;, making it look like readable English.&amp;nbsp;&lt;span&gt;It is a long established fact that a reader will be distracted by the readable content of a page when looking at its layout. The point of using Lorem Ipsum is that it has a more-or-less normal distribution of letters, as opposed to using &#039;Content here, content here&#039;, making it look like readable English.&lt;br&gt;&lt;/span&gt;&lt;h3&gt;Our school historys&lt;/h3&gt;&lt;span&gt;Contrary to popular belief, Lorem Ipsum is not simply random text. It has roots in a piece of classical Latin literature from 45 BC, making it over 2000 years old. Richard McClintock, a Latin professor at Hampden-Sydney College in Virginia, looked up one of the more obscure Latin words, consectetur, from a Lorem Ipsum passage, and going through the cites of the word in classical literature, discovered the undoubtable source.&lt;br&gt;&lt;/span&gt;&lt;h3&gt;Something interesting about our schools&lt;/h3&gt;&lt;span&gt;There are many variations of passages of Lorem Ipsum available, but the majority have suffered alteration in some form, by injected humour, or randomised words which don&#039;t look even slightly believable. If you are going to use a passage&lt;br&gt;&lt;/span&gt;&lt;br&gt;&lt;ul&gt;&lt;li&gt;making this the first true generator&lt;/li&gt;&lt;li&gt;to generate Lorem Ipsum which&lt;/li&gt;&lt;li&gt;but the majority have suffered alteratio&lt;/li&gt;&lt;li&gt;is that it has a more-or-less&lt;/li&gt;&lt;/ul&gt;All the Lorem Ipsum generators on the Internet tend to repeat predefined chunks as necessary, making this the first true generator on the Internet.&lt;br&gt;&lt;br&gt;&lt;br&gt;', '&lt;h1&gt;Terms of our school&lt;/h1&gt;It is a long established fact that a reader will be distracted by the readable content of a page when looking at its layout. The point of using Lorem Ipsum is that it has a more-or-less normal distribution of letters, as opposed to using &#039;Content here, content here&#039;, making it look like readable English.&amp;nbsp;&lt;span&gt;It is a long established fact that a reader will be distracted by the readable content of a page when looking at its layout. The point of using Lorem Ipsum is that it has a more-or-less normal distribution of letters, as opposed to using &#039;Content here, content here&#039;, making it look like readable English.&lt;br&gt;&lt;/span&gt;&lt;h3&gt;Our school history&lt;/h3&gt;&lt;span&gt;Contrary to popular belief, Lorem Ipsum is not simply random text. It has roots in a piece of classical Latin literature from 45 BC, making it over 2000 years old. Richard McClintock, a Latin professor at Hampden-Sydney College in Virginia, looked up one of the more obscure Latin words, consectetur, from a Lorem Ipsum passage, and going through the cites of the word in classical literature, discovered the undoubtable source.&lt;br&gt;&lt;/span&gt;&lt;h3&gt;Something interesting about our school&lt;/h3&gt;&lt;span&gt;There are many variations of passages of Lorem Ipsum available, but the majority have suffered alteration in some form, by injected humour, or randomised words which don&#039;t look even slightly believable. If you are going to use a passage&lt;br&gt;&lt;/span&gt;&lt;br&gt;&lt;ul&gt;&lt;li&gt;making this the first true generator&lt;/li&gt;&lt;li&gt;to generate Lorem Ipsum which&lt;/li&gt;&lt;li&gt;but the majority have suffered alteratio&lt;/li&gt;&lt;li&gt;is that it has a more-or-less&lt;/li&gt;&lt;/ul&gt;All the Lorem Ipsum generators on the Internet tend to repeat predefined chunks as necessary, making this the first true generator on the Internet.&lt;br&gt;&lt;br&gt;&lt;br&gt;', '&lt;h1&gt;Privacy policy of our school&lt;/h1&gt;It is a long established fact that a reader will be distracted by the readable content of a page when looking at its layout. The point of using Lorem Ipsum is that it has a more-or-less normal distribution of letters, as opposed to using &#039;Content here, content here&#039;, making it look like readable English.&amp;nbsp;&lt;span&gt;It is a long established fact that a reader will be distracted by the readable content of a page when looking at its layout. The point of using Lorem Ipsum is that it has a more-or-less normal distribution of letters, as opposed to using &#039;Content here, content here&#039;, making it look like readable English.&lt;br&gt;&lt;/span&gt;&lt;h3&gt;Our school history&lt;/h3&gt;&lt;span&gt;Contrary to popular belief, Lorem Ipsum is not simply random text. It has roots in a piece of classical Latin literature from 45 BC, making it over 2000 years old. Richard McClintock, a Latin professor at Hampden-Sydney College in Virginia, looked up one of the more obscure Latin words, consectetur, from a Lorem Ipsum passage, and going through the cites of the word in classical literature, discovered the undoubtable source.&lt;br&gt;&lt;/span&gt;&lt;h3&gt;Something interesting about our school&lt;/h3&gt;&lt;span&gt;There are many variations of passages of Lorem Ipsum available, but the majority have suffered alteration in some form, by injected humour, or randomised words which don&#039;t look even slightly believable. If you are going to use a passage&lt;br&gt;&lt;/span&gt;&lt;br&gt;&lt;ul&gt;&lt;li&gt;making this the first true generator&lt;/li&gt;&lt;li&gt;to generate Lorem Ipsum which&lt;/li&gt;&lt;li&gt;but the majority have suffered alteratio&lt;/li&gt;&lt;li&gt;is that it has a more-or-less&lt;/li&gt;&lt;/ul&gt;All the Lorem Ipsum generators on the Internet tend to repeat predefined chunks as necessary, making this the first true generator on the Internet.&lt;br&gt;&lt;br&gt;&lt;br&gt;', '[{\"facebook\":\"\",\"twitter\":\"\",\"linkedin\":\"\",\"google\":\"\",\"youtube\":\"\",\"instagram\":\"\"}]', 'All the rights reserved to Creativeitem', NULL, '[{\"title\":\"Education is the most powerful weapon\",\"description\":\"&quot;You can use education to change the world&quot; - &lt;i&gt;Nelson Mandela&lt;\\/i&gt;\",\"image\":\"slider1.jpg\"},{\"title\":\"Knowledge is power\",\"description\":\"&quot;Education is the premise of progress, in every society, in every family&quot; - &lt;i&gt;Kofi Annan&lt;\\/i&gt;\",\"image\":\"2.jpg\"},{\"title\":\"Have an aim in life, continuously acquire knowledge\",\"description\":\"&quot;Never stop fighting until you arrive at your destined place&quot; - &lt;i&gt;A.P.J. Abdul Kalam&lt;\\/i&gt;\",\"image\":\"1.jpg\"}]', 'ultimate', 'Welcome to Ynabee Alelm Academy', '', 'Ynabee Alelm Academy');

-- --------------------------------------------------------

--
-- Table structure for table `grades`
--

CREATE TABLE `grades` (
  `id` int(11) UNSIGNED NOT NULL,
  `name` varchar(255) COLLATE utf8_unicode_ci DEFAULT NULL,
  `grade_point` varchar(255) COLLATE utf8_unicode_ci DEFAULT NULL,
  `mark_from` varchar(255) COLLATE utf8_unicode_ci DEFAULT NULL,
  `mark_upto` varchar(255) COLLATE utf8_unicode_ci DEFAULT NULL,
  `comment` longtext COLLATE utf8_unicode_ci DEFAULT NULL,
  `school_id` int(11) DEFAULT NULL,
  `session` varchar(255) COLLATE utf8_unicode_ci DEFAULT NULL,
  `created_at` timestamp NULL DEFAULT NULL,
  `updated_at` timestamp NULL DEFAULT NULL
) ENGINE=InnoDB DEFAULT CHARSET=utf8 COLLATE=utf8_unicode_ci;

-- --------------------------------------------------------

--
-- Table structure for table `invoices`
--

CREATE TABLE `invoices` (
  `id` int(11) NOT NULL,
  `title` varchar(255) COLLATE utf8_unicode_ci DEFAULT NULL,
  `total_amount` int(11) DEFAULT NULL,
  `class_id` int(11) DEFAULT NULL,
  `student_id` int(11) DEFAULT NULL,
  `payment_method` longtext COLLATE utf8_unicode_ci DEFAULT NULL,
  `paid_amount` int(11) DEFAULT NULL,
  `status` longtext COLLATE utf8_unicode_ci DEFAULT NULL,
  `school_id` int(11) DEFAULT NULL,
  `session` varchar(255) COLLATE utf8_unicode_ci DEFAULT NULL,
  `created_at` int(11) DEFAULT NULL,
  `updated_at` int(11) DEFAULT NULL COMMENT 'This column is all about payment taking date'
) ENGINE=MyISAM DEFAULT CHARSET=utf8 COLLATE=utf8_unicode_ci;

-- --------------------------------------------------------

--
-- Table structure for table `marks`
--

CREATE TABLE `marks` (
  `id` int(11) UNSIGNED NOT NULL,
  `student_id` int(11) DEFAULT NULL,
  `subject_id` int(11) DEFAULT NULL,
  `class_id` int(11) DEFAULT NULL,
  `section_id` int(11) DEFAULT NULL,
  `exam_id` int(11) DEFAULT NULL,
  `mark_obtained` int(11) DEFAULT 0,
  `comment` longtext COLLATE utf8_unicode_ci DEFAULT NULL,
  `session` int(11) DEFAULT NULL,
  `school_id` int(11) DEFAULT NULL
) ENGINE=InnoDB DEFAULT CHARSET=utf8 COLLATE=utf8_unicode_ci;

-- --------------------------------------------------------

--
-- Table structure for table `menus`
--

CREATE TABLE `menus` (
  `id` int(11) UNSIGNED NOT NULL,
  `displayed_name` varchar(255) COLLATE utf8_unicode_ci DEFAULT NULL,
  `route_name` varchar(255) COLLATE utf8_unicode_ci DEFAULT NULL,
  `parent` int(11) DEFAULT NULL,
  `icon` varchar(255) COLLATE utf8_unicode_ci DEFAULT NULL,
  `status` int(11) DEFAULT 1,
  `superadmin_access` int(11) NOT NULL DEFAULT 0,
  `admin_access` int(11) NOT NULL DEFAULT 0,
  `teacher_access` int(11) NOT NULL DEFAULT 0,
  `parent_access` int(11) NOT NULL DEFAULT 0,
  `student_access` int(11) NOT NULL DEFAULT 0,
  `accountant_access` int(11) NOT NULL DEFAULT 0,
  `librarian_access` int(11) NOT NULL DEFAULT 0,
  `sort_order` int(11) NOT NULL,
  `is_addon` int(11) NOT NULL DEFAULT 0 COMMENT 'If the value is 1 that means its an addon.',
  `unique_identifier` varchar(255) COLLATE utf8_unicode_ci DEFAULT NULL COMMENT 'It is mandatory for addons'
) ENGINE=InnoDB DEFAULT CHARSET=utf8 COLLATE=utf8_unicode_ci ROW_FORMAT=COMPACT;

--
-- Dumping data for table `menus`
--

INSERT INTO `menus` (`id`, `displayed_name`, `route_name`, `parent`, `icon`, `status`, `superadmin_access`, `admin_access`, `teacher_access`, `parent_access`, `student_access`, `accountant_access`, `librarian_access`, `sort_order`, `is_addon`, `unique_identifier`) VALUES
(1, 'users', NULL, 0, 'dripicons-user', 1, 1, 1, 1, 1, 1, 0, 0, 10, 0, 'users'),
(2, 'admin', 'admin', 1, NULL, 1, 1, 0, 0, 0, 0, 0, 0, 9, 0, 'admin'),
(3, 'student', 'student', 1, NULL, 1, 1, 1, 1, 0, 0, 0, 0, 10, 0, 'student'),
(4, 'teacher', 'teacher', 1, NULL, 1, 1, 1, 1, 1, 1, 0, 0, 30, 0, 'teacher'),
(5, 'parent', 'parent', 1, NULL, 0, 1, 1, 0, 0, 0, 0, 0, 50, 0, 'parent'),
(6, 'librarian', 'librarian', 1, NULL, 1, 1, 1, 0, 0, 0, 0, 0, 70, 0, 'librarian'),
(7, 'accountant', 'accountant', 1, NULL, 1, 1, 1, 0, 0, 0, 0, 0, 60, 0, 'accountant'),
(8, 'driver', NULL, 1, NULL, 0, 1, 0, 0, 0, 0, 0, 0, 80, 0, 'driver'),
(9, 'academic', NULL, 0, 'dripicons-store', 1, 1, 1, 1, 1, 1, 0, 0, 20, 0, 'academic'),
(10, 'class', 'manage_class', 9, NULL, 1, 1, 1, 0, 0, 0, 0, 0, 40, 0, 'class'),
(11, 'section', NULL, 9, NULL, 0, 1, 1, 0, 0, 0, 0, 0, 50, 0, 'section'),
(12, 'class_room', 'class_room', 9, NULL, 1, 1, 1, 0, 0, 0, 0, 0, 60, 0, 'class-room'),
(13, 'syllabus', 'syllabus', 9, NULL, 1, 1, 1, 1, 1, 1, 0, 0, 30, 0, 'syllabus'),
(14, 'subject', 'subject', 9, NULL, 1, 1, 1, 1, 0, 1, 0, 0, 29, 0, 'subject'),
(15, 'class_routine', 'routine', 9, NULL, 1, 1, 1, 1, 1, 1, 0, 0, 20, 0, 'class-routine'),
(16, 'daily_attendance', 'attendance', 9, NULL, 1, 1, 1, 1, 1, 1, 0, 0, 10, 0, 'daily-attendance'),
(17, 'noticeboard', NULL, 9, NULL, 0, 1, 0, 0, 0, 0, 0, 0, 110, 0, 'noticeboard'),
(18, 'promotion', 'promotion', 19, NULL, 1, 1, 1, 0, 0, 0, 0, 0, 50, 0, 'promotion'),
(19, 'exam', NULL, 0, 'dripicons-to-do', 1, 1, 1, 1, 1, 1, 0, 0, 30, 0, 'exam'),
(20, 'exam', 'exam', 19, NULL, 1, 1, 1, 1, 0, 0, 0, 0, 20, 0, 'exam'),
(21, 'grades', 'grade', 19, NULL, 1, 1, 1, 1, 1, 1, 0, 0, 30, 0, 'grades'),
(22, 'marks', 'mark', 19, NULL, 1, 1, 1, 1, 1, 1, 0, 0, 10, 0, 'marks'),
(23, 'tabulation_sheet', NULL, 19, NULL, 0, 1, 0, 0, 0, 0, 0, 0, 40, 0, 'tabulation-sheet'),
(24, 'accounting', NULL, 0, 'dripicons-suitcase', 1, 1, 1, 0, 1, 1, 1, 0, 40, 0, 'accounting'),
(25, 'student_fee_manager', 'invoice', 24, NULL, 1, 1, 1, 0, 1, 1, 1, 0, 10, 0, 'student-fee-manager'),
(26, 'student_fee_report', NULL, 24, NULL, 0, 1, 0, 0, 0, 0, 1, 0, 20, 0, 'student-fee-report'),
(27, 'expense_manager', 'expense', 24, NULL, 1, 1, 1, 0, 0, 0, 1, 0, 40, 0, 'expense-manager'),
(28, 'back_office', NULL, 0, 'dripicons-archive', 1, 1, 1, 1, 1, 1, 0, 1, 50, 0, 'back-office'),
(29, 'library', NULL, 28, NULL, 1, 1, 1, 1, 1, 1, 0, 1, 0, 0, 'library'),
(30, 'transport', NULL, 28, NULL, 0, 1, 0, 0, 0, 0, 0, 0, 0, 0, 'transport'),
(31, 'hostel', NULL, 28, NULL, 0, 1, 0, 0, 0, 0, 0, 0, 0, 0, 'hostel'),
(32, 'school_website', NULL, 28, NULL, 0, 1, 0, 0, 0, 0, 0, 0, 0, 0, 'school-website'),
(33, 'settings', NULL, 0, 'dripicons-cutlery', 0, 1, 1, 0, 0, 0, 0, 0, 60, 0, 'settings'),
(34, 'system_settings', 'system_settings', 33, NULL, 0, 1, 0, 0, 0, 0, 0, 0, 10, 0, 'system-settings'),
(36, 'payment_settings', 'payment_settings', 33, NULL, 0, 1, 0, 0, 0, 0, 0, 0, 20, 0, 'payment-settings'),
(37, 'language_settings', 'language', 33, NULL, 0, 1, 0, 0, 0, 0, 0, 0, 30, 0, 'language-settings'),
(38, 'session_manager', 'session_manager', 28, NULL, 0, 1, 0, 0, 0, 0, 0, 0, 0, 0, 'session-manager'),
(39, 'department', 'department', 9, NULL, 1, 1, 1, 0, 0, 0, 0, 0, 70, 0, 'department'),
(40, 'admission', 'student/create', 1, NULL, 1, 1, 1, 0, 0, 0, 0, 0, 20, 0, 'admission'),
(41, 'addon_manager', 'addon_manager', 28, NULL, 0, 1, 0, 0, 0, 0, 0, 0, 0, 0, 'addon-manager'),
(43, 'event_calender', 'event_calendar', 9, NULL, 1, 1, 1, 1, 1, 1, 0, 0, 100, 0, 'event-calender'),
(44, 'online_exam', NULL, 20, NULL, 1, 1, 0, 0, 0, 0, 0, 0, 50, 0, 'online-exam'),
(45, 'certificate', NULL, 20, NULL, 1, 1, 0, 0, 0, 0, 0, 0, 60, 0, 'certificate'),
(46, 'teacher_permission', 'permission', 1, NULL, 1, 1, 1, 0, 0, 0, 0, 0, 40, 0, 'teacher-permission'),
(47, 'messaging', NULL, 1, NULL, 0, 1, 0, 0, 0, 0, 0, 0, 110, 0, 'messaging'),
(48, 'role_permission', 'role.index', 1, NULL, 0, 1, 0, 0, 0, 0, 0, 0, 100, 0, 'role-permission'),
(49, 'form_builder', NULL, 32, NULL, 1, 1, 0, 0, 0, 0, 0, 0, 0, 0, 'form-builder'),
(50, 'book_list_manager', 'book', 29, NULL, 1, 1, 1, 1, 1, 1, 0, 1, 0, 0, 'book-list-manager'),
(51, 'book_issue_report', 'book_issue', 29, NULL, 1, 1, 1, 0, 0, 1, 0, 1, 0, 0, 'book-issue-report'),
(52, 'room_manager', NULL, 31, NULL, 1, 1, 0, 0, 0, 0, 0, 0, 0, 0, 'room-manager'),
(53, 'student_report', NULL, 31, NULL, 1, 1, 0, 0, 0, 0, 0, 0, 0, 0, 'student-report'),
(55, 'expense_category', 'expense_category', 24, NULL, 1, 1, 1, 0, 0, 0, 1, 0, 30, 0, 'expense-category'),
(56, 'SMTP_settings', 'smtp_settings', 33, NULL, 0, 1, 0, 0, 0, 0, 0, 0, 50, 0, 'smtp-settings'),
(57, 'school_settings', 'school_settings', 33, NULL, 0, 1, 1, 0, 0, 0, 0, 0, 12, 0, 'school-settings'),
(58, 'about', 'about', 33, NULL, 0, 1, 0, 0, 0, 0, 0, 0, 51, 0, 'about'),
(115, 'website_settings', 'website_settings', 33, NULL, 0, 1, 0, 0, 0, 0, 0, 0, 11, 0, 'website-settings'),
(116, 'noticeboard', 'noticeboard', 28, NULL, 1, 1, 1, 0, 0, 0, 0, 0, 0, 0, 'noticeboard');

-- --------------------------------------------------------

--
-- Table structure for table `noticeboard`
--

CREATE TABLE `noticeboard` (
  `id` int(11) NOT NULL,
  `notice_title` longtext COLLATE utf8_unicode_ci DEFAULT NULL,
  `notice` longtext COLLATE utf8_unicode_ci DEFAULT NULL,
  `date` varchar(255) COLLATE utf8_unicode_ci DEFAULT NULL,
  `status` int(11) DEFAULT 1,
  `show_on_website` int(11) DEFAULT 0,
  `image` text COLLATE utf8_unicode_ci DEFAULT NULL,
  `school_id` int(11) NOT NULL,
  `session` int(11) NOT NULL
) ENGINE=MyISAM DEFAULT CHARSET=utf8 COLLATE=utf8_unicode_ci;

-- --------------------------------------------------------

--
-- Table structure for table `parents`
--

CREATE TABLE `parents` (
  `id` int(11) NOT NULL,
  `user_id` int(11) DEFAULT NULL,
  `school_id` int(11) DEFAULT NULL
) ENGINE=InnoDB DEFAULT CHARSET=utf8 COLLATE=utf8_unicode_ci;

-- --------------------------------------------------------

--
-- Table structure for table `payment_settings`
--

CREATE TABLE `payment_settings` (
  `id` int(11) NOT NULL,
  `key` varchar(500) COLLATE utf8_unicode_ci DEFAULT NULL,
  `value` longtext COLLATE utf8_unicode_ci DEFAULT NULL
) ENGINE=InnoDB DEFAULT CHARSET=utf8 COLLATE=utf8_unicode_ci;

--
-- Dumping data for table `payment_settings`
--

INSERT INTO `payment_settings` (`id`, `key`, `value`) VALUES
(12, 'stripe_settings', '[{\"stripe_active\":\"yes\",\"stripe_mode\":\"on\",\"stripe_test_secret_key\":\"1234\",\"stripe_test_public_key\":\"1234\",\"stripe_live_secret_key\":\"1234\",\"stripe_live_public_key\":\"1234\",\"stripe_currency\":\"USD\"}]'),
(17, 'paypal_settings', '[{\"paypal_active\":\"yes\",\"paypal_mode\":\"sandbox\",\"paypal_client_id_sandbox\":\"1234\",\"paypal_client_id_production\":\"1234\",\"paypal_currency\":\"USD\"}]');

-- --------------------------------------------------------

--
-- Table structure for table `routines`
--

CREATE TABLE `routines` (
  `id` int(11) NOT NULL,
  `class_id` varchar(255) COLLATE utf8_unicode_ci DEFAULT NULL,
  `section_id` varchar(255) COLLATE utf8_unicode_ci DEFAULT NULL,
  `subject_id` varchar(255) COLLATE utf8_unicode_ci DEFAULT NULL,
  `starting_hour` varchar(255) COLLATE utf8_unicode_ci DEFAULT NULL,
  `ending_hour` varchar(255) COLLATE utf8_unicode_ci DEFAULT NULL,
  `starting_minute` varchar(255) COLLATE utf8_unicode_ci DEFAULT NULL,
  `ending_minute` varchar(255) COLLATE utf8_unicode_ci DEFAULT NULL,
  `day` varchar(255) COLLATE utf8_unicode_ci DEFAULT '',
  `teacher_id` int(11) DEFAULT NULL,
  `room_id` int(11) DEFAULT NULL,
  `school_id` int(11) DEFAULT NULL,
  `session_id` varchar(255) COLLATE utf8_unicode_ci DEFAULT ''
) ENGINE=InnoDB DEFAULT CHARSET=utf8 COLLATE=utf8_unicode_ci;

-- --------------------------------------------------------

--
-- Table structure for table `schools`
--

CREATE TABLE `schools` (
  `id` int(11) UNSIGNED NOT NULL,
  `name` varchar(255) COLLATE utf8_unicode_ci DEFAULT NULL,
  `address` longtext COLLATE utf8_unicode_ci DEFAULT NULL,
  `phone` longtext COLLATE utf8_unicode_ci DEFAULT NULL
) ENGINE=InnoDB DEFAULT CHARSET=utf8 COLLATE=utf8_unicode_ci;

--
-- Dumping data for table `schools`
--

INSERT INTO `schools` (`id`, `name`, `address`, `phone`) VALUES
(1, 'Ynabee Alelm Academy', 'School Address', '+123123123123');

-- --------------------------------------------------------

--
-- Table structure for table `sections`
--

CREATE TABLE `sections` (
  `id` int(11) UNSIGNED NOT NULL,
  `name` varchar(255) COLLATE utf8_unicode_ci DEFAULT NULL,
  `class_id` int(11) DEFAULT NULL
) ENGINE=InnoDB DEFAULT CHARSET=utf8 COLLATE=utf8_unicode_ci;

--
-- Dumping data for table `sections`
--

INSERT INTO `sections` (`id`, `name`, `class_id`) VALUES
(1, ' ', 1),
(2, ' ', 2),
(3, ' ', 3),
(4, ' ', 4);

-- --------------------------------------------------------

--
-- Table structure for table `sessions`
--

CREATE TABLE `sessions` (
  `id` int(11) UNSIGNED NOT NULL,
  `name` varchar(255) COLLATE utf8_unicode_ci DEFAULT NULL,
  `status` int(11) DEFAULT 0
) ENGINE=InnoDB DEFAULT CHARSET=utf8 COLLATE=utf8_unicode_ci;

--
-- Dumping data for table `sessions`
--

INSERT INTO `sessions` (`id`, `name`, `status`) VALUES
(1, '2021', 1);

-- --------------------------------------------------------

--
-- Table structure for table `settings`
--

CREATE TABLE `settings` (
  `id` int(11) UNSIGNED NOT NULL,
  `school_id` int(11) DEFAULT NULL,
  `system_name` varchar(255) COLLATE utf8_unicode_ci DEFAULT NULL,
  `system_title` varchar(255) COLLATE utf8_unicode_ci DEFAULT NULL,
  `system_email` varchar(255) COLLATE utf8_unicode_ci DEFAULT NULL,
  `phone` varchar(255) COLLATE utf8_unicode_ci DEFAULT NULL,
  `address` longtext COLLATE utf8_unicode_ci DEFAULT NULL,
  `purchase_code` varchar(255) COLLATE utf8_unicode_ci DEFAULT NULL,
  `system_currency` varchar(255) COLLATE utf8_unicode_ci DEFAULT NULL,
  `currency_position` varchar(255) COLLATE utf8_unicode_ci DEFAULT NULL,
  `running_session` varchar(255) COLLATE utf8_unicode_ci DEFAULT '',
  `language` varchar(255) COLLATE utf8_unicode_ci DEFAULT NULL,
  `student_email_verification` varchar(255) COLLATE utf8_unicode_ci DEFAULT NULL,
  `footer_text` varchar(255) COLLATE utf8_unicode_ci DEFAULT NULL,
  `footer_link` varchar(255) COLLATE utf8_unicode_ci DEFAULT NULL,
  `version` varchar(255) COLLATE utf8_unicode_ci DEFAULT NULL,
  `fax` varchar(255) COLLATE utf8_unicode_ci DEFAULT NULL,
  `date_of_last_updated_attendance` varchar(255) COLLATE utf8_unicode_ci DEFAULT NULL,
  `timezone` varchar(255) COLLATE utf8_unicode_ci DEFAULT NULL,
  `youtube_api_key` varchar(255) COLLATE utf8_unicode_ci DEFAULT NULL,
  `vimeo_api_key` varchar(255) COLLATE utf8_unicode_ci DEFAULT NULL
) ENGINE=InnoDB DEFAULT CHARSET=utf8 COLLATE=utf8_unicode_ci;

--
-- Dumping data for table `settings`
--

INSERT INTO `settings` (`id`, `school_id`, `system_name`, `system_title`, `system_email`, `phone`, `address`, `purchase_code`, `system_currency`, `currency_position`, `running_session`, `language`, `student_email_verification`, `footer_text`, `footer_link`, `version`, `fax`, `date_of_last_updated_attendance`, `timezone`, `youtube_api_key`, `vimeo_api_key`) VALUES
(1, 1, 'Ynabee Alelm Academy', 'Ynabee Alelm Academy', 'ynabee@example.com', '00000000000', '4333 Factoria Blvd SE, Bellevue, WA 98006', '1234', 'EGP', 'right', '1', 'arabic', NULL, 'By Ahmed Mohamed Ibrahim', 'http://ahmedibrahim.com/', '7.2', '1234567890', '1618173604', 'Africa/Cairo', NULL, NULL);

-- --------------------------------------------------------

--
-- Table structure for table `smtp_settings`
--

CREATE TABLE `smtp_settings` (
  `id` int(11) NOT NULL,
  `mail_sender` varchar(255) COLLATE utf8_unicode_ci DEFAULT NULL,
  `smtp_protocol` varchar(255) COLLATE utf8_unicode_ci DEFAULT NULL,
  `smtp_host` varchar(255) COLLATE utf8_unicode_ci DEFAULT NULL,
  `smtp_username` varchar(255) COLLATE utf8_unicode_ci DEFAULT NULL,
  `smtp_password` varchar(255) COLLATE utf8_unicode_ci DEFAULT NULL,
  `smtp_port` varchar(255) COLLATE utf8_unicode_ci DEFAULT NULL,
  `smtp_secure` varchar(255) COLLATE utf8_unicode_ci DEFAULT NULL,
  `smtp_set_from` varchar(255) COLLATE utf8_unicode_ci DEFAULT NULL,
  `smtp_debug` varchar(255) COLLATE utf8_unicode_ci DEFAULT NULL,
  `smtp_show_error` varchar(255) COLLATE utf8_unicode_ci DEFAULT NULL
) ENGINE=InnoDB DEFAULT CHARSET=utf8 COLLATE=utf8_unicode_ci;

-- --------------------------------------------------------

--
-- Table structure for table `students`
--

CREATE TABLE `students` (
  `id` int(11) UNSIGNED NOT NULL,
  `code` varchar(255) COLLATE utf8_unicode_ci DEFAULT NULL,
  `user_id` int(11) DEFAULT NULL,
  `parent_id` int(11) DEFAULT NULL,
  `session` int(11) DEFAULT NULL,
  `school_id` int(11) DEFAULT NULL
) ENGINE=InnoDB DEFAULT CHARSET=utf8 COLLATE=utf8_unicode_ci;

--
-- Dumping data for table `students`
--

INSERT INTO `students` (`id`, `code`, `user_id`, `parent_id`, `session`, `school_id`) VALUES
(3, '2021-9732-5041', 5, 0, 1, 1),
(4, '2021-0612-3485', 6, 0, 1, 1),
(5, '2021-6275-0138', 7, 0, 1, 1),
(6, '2021-1267-4308', 8, 0, 1, 1),
(7, '2021-7403-5186', 9, 0, 1, 1),
(8, '2021-8160-7359', 10, 0, 1, 1),
(9, '2021-0281-4573', 11, 0, 1, 1),
(10, '2021-0357-4216', 12, 0, 1, 1),
(11, '2021-2893-0765', 13, 0, 1, 1),
(12, '2021-4906-1257', 14, 0, 1, 1);

-- --------------------------------------------------------

--
-- Table structure for table `subjects`
--

CREATE TABLE `subjects` (
  `id` int(11) UNSIGNED NOT NULL,
  `name` varchar(255) COLLATE utf8_unicode_ci DEFAULT NULL,
  `class_id` int(11) DEFAULT NULL,
  `school_id` int(11) DEFAULT NULL,
  `session` int(11) DEFAULT NULL
) ENGINE=InnoDB DEFAULT CHARSET=utf8 COLLATE=utf8_unicode_ci;

--
-- Dumping data for table `subjects`
--

INSERT INTO `subjects` (`id`, `name`, `class_id`, `school_id`, `session`) VALUES
(1, '  .         ', 1, 1, 1),
(2, '      ', 2, 1, 1),
(3, '     ', 3, 1, 1),
(4, '   ', 4, 1, 1);

-- --------------------------------------------------------

--
-- Table structure for table `syllabuses`
--

CREATE TABLE `syllabuses` (
  `id` int(11) UNSIGNED NOT NULL,
  `title` varchar(255) COLLATE utf8_unicode_ci DEFAULT NULL,
  `class_id` int(11) DEFAULT NULL,
  `section_id` int(11) DEFAULT NULL,
  `subject_id` int(11) DEFAULT NULL,
  `file` varchar(255) COLLATE utf8_unicode_ci DEFAULT NULL,
  `session_id` int(11) DEFAULT NULL,
  `school_id` int(11) DEFAULT NULL
) ENGINE=InnoDB DEFAULT CHARSET=utf8 COLLATE=utf8_unicode_ci;

--
-- Dumping data for table `syllabuses`
--

INSERT INTO `syllabuses` (`id`, `title`, `class_id`, `section_id`, `subject_id`, `file`, `session_id`, `school_id`) VALUES
(1, ' ', 1, 1, 1, '9091f33d4d970d1fc0bcae31a9c86109.docx', 1, 1),
(2, ' ', 2, 2, 2, '95f2c2185f004dad50d61ad5fa4bb622.docx', 1, 1),
(3, ' ', 3, 3, 3, 'a0e76275c7566e0cd51ed3910aee8a6a.docx', 1, 1),
(4, ' ', 4, 4, 4, '9e930232816023e789a42546cf95d51a.docx', 1, 1);

-- --------------------------------------------------------

--
-- Table structure for table `teachers`
--

CREATE TABLE `teachers` (
  `id` int(11) UNSIGNED NOT NULL,
  `user_id` int(11) DEFAULT NULL,
  `department_id` int(11) DEFAULT NULL,
  `designation` varchar(255) COLLATE utf8_unicode_ci DEFAULT NULL,
  `school_id` int(11) DEFAULT NULL,
  `social_links` longtext COLLATE utf8_unicode_ci DEFAULT NULL,
  `about` longtext COLLATE utf8_unicode_ci DEFAULT NULL,
  `show_on_website` int(11) NOT NULL
) ENGINE=InnoDB DEFAULT CHARSET=utf8 COLLATE=utf8_unicode_ci;

--
-- Dumping data for table `teachers`
--

INSERT INTO `teachers` (`id`, `user_id`, `department_id`, `designation`, `school_id`, `social_links`, `about`, `show_on_website`) VALUES
(2, 15, 1, '1', 1, '{\"facebook\":\"\",\"twitter\":\"\",\"linkedin\":\"\"}', '', 1);

-- --------------------------------------------------------

--
-- Table structure for table `teacher_permissions`
--

CREATE TABLE `teacher_permissions` (
  `id` int(11) UNSIGNED NOT NULL,
  `class_id` int(11) DEFAULT NULL,
  `section_id` int(11) DEFAULT NULL,
  `teacher_id` int(11) DEFAULT NULL,
  `marks` int(11) DEFAULT 0,
  `assignment` int(11) DEFAULT 0,
  `attendance` int(11) DEFAULT 0,
  `online_exam` int(11) DEFAULT 0
) ENGINE=InnoDB DEFAULT CHARSET=utf8 COLLATE=utf8_unicode_ci;

--
-- Dumping data for table `teacher_permissions`
--

INSERT INTO `teacher_permissions` (`id`, `class_id`, `section_id`, `teacher_id`, `marks`, `assignment`, `attendance`, `online_exam`) VALUES
(2, 3, 3, 2, 1, 0, 1, 1);

-- --------------------------------------------------------

--
-- Table structure for table `users`
--

CREATE TABLE `users` (
  `id` int(11) UNSIGNED NOT NULL,
  `name` varchar(255) COLLATE utf8_unicode_ci NOT NULL,
  `email` varchar(255) COLLATE utf8_unicode_ci NOT NULL,
  `password` varchar(255) COLLATE utf8_unicode_ci NOT NULL,
  `role` varchar(255) COLLATE utf8_unicode_ci DEFAULT NULL,
  `address` longtext COLLATE utf8_unicode_ci DEFAULT NULL,
  `phone` varchar(255) COLLATE utf8_unicode_ci DEFAULT NULL,
  `remember_token` varchar(255) COLLATE utf8_unicode_ci DEFAULT NULL,
  `birthday` varchar(255) COLLATE utf8_unicode_ci DEFAULT NULL,
  `gender` varchar(255) COLLATE utf8_unicode_ci DEFAULT NULL,
  `nationality` text COLLATE utf8_unicode_ci DEFAULT NULL,
  `recitation` text COLLATE utf8_unicode_ci DEFAULT NULL,
  `conservation` text COLLATE utf8_unicode_ci DEFAULT NULL,
  `recitation_level` text COLLATE utf8_unicode_ci DEFAULT NULL,
  `day` text COLLATE utf8_unicode_ci DEFAULT NULL,
  `hour` text COLLATE utf8_unicode_ci DEFAULT NULL,
  `method` text COLLATE utf8_unicode_ci DEFAULT NULL,
  `confirm` text COLLATE utf8_unicode_ci DEFAULT NULL,
  `blood_group` varchar(255) COLLATE utf8_unicode_ci DEFAULT NULL,
  `school_id` int(11) DEFAULT NULL,
  `authentication_key` varchar(255) COLLATE utf8_unicode_ci DEFAULT NULL,
  `watch_history` longtext COLLATE utf8_unicode_ci DEFAULT NULL
) ENGINE=InnoDB DEFAULT CHARSET=utf8 COLLATE=utf8_unicode_ci;

--
-- Dumping data for table `users`
--

INSERT INTO `users` (`id`, `name`, `email`, `password`, `role`, `address`, `phone`, `remember_token`, `birthday`, `gender`, `nationality`, `recitation`, `conservation`, `recitation_level`, `day`, `hour`, `method`, `confirm`, `blood_group`, `school_id`, `authentication_key`, `watch_history`) VALUES
(1, 'Ahmed Mohamed', 'ahmedmohamed@yanabee.com', 'f7c3bc1d808e04732adf679965ccc34ca7ae3441', 'superadmin', NULL, NULL, NULL, NULL, NULL, NULL, NULL, NULL, NULL, NULL, NULL, NULL, NULL, NULL, 1, NULL, '[]'),
(4, 'Ahmed Mohamed Ibrahim', 'admin@example.com', '40bd001563085fc35165329ea1ff5c5ecbdbbeef', 'admin', '5 St. Junior School - Nadi Elsaid - Moharram Bey', '+201275457924', NULL, NULL, 'Male', NULL, NULL, NULL, NULL, NULL, NULL, NULL, NULL, 'a+', 1, NULL, '[]'),
(5, '  ', 'ahmed-karam@yanabee.com', 'c461484980677a56d99190ea2451048f9ebc03e6', 'student', NULL, '', NULL, NULL, '', '', '', ' ', '', '', '7:00', '', '', NULL, 1, NULL, '[]'),
(6, '  ', 'mohamed-ahmed@yanabee.com', 'f11512adef6dd8bf483623e1e164484b17ffd3b5', 'student', NULL, '', NULL, NULL, '', '', '', ' ', '', '', '5:00', '', '', NULL, 1, NULL, '[]'),
(7, ' ', 'abo-hagr@yanabee.com', 'ea8992cc3a6c5e5bad244381acb0da40be3ea946', 'student', NULL, '', NULL, NULL, '', '', '', ' ', ' ', '', '6:00', '', '', NULL, 1, NULL, '[]'),
(8, ' ', 'ahmed-omran@yanabee.com', '5ae021c52bac2633275986c9d5f0c57df14bf1fb', 'student', NULL, '', NULL, NULL, '', '', '', ' ', ' ', '', '6:15', '', '', NULL, 1, NULL, '[]'),
(9, '  ', 'hussain-mohamed@yanabee.com', 'c3a4e2306bbb21e4c8ea8f215d52dfb4b38c4988', 'student', NULL, '', NULL, NULL, '', '', '', ' ', '', '', '5:30', '', '', NULL, 1, NULL, '[]'),
(10, '  ', 'ahmed-eldeba@yanabee.com', '873c2e2fd5dca1cfa60725cb110b9b82d366fd54', 'student', NULL, '', NULL, NULL, '', '', '', ' ', ' ', '', '5:15', '', '', NULL, 1, NULL, '[]'),
(11, ' ', 'ahmed-ragab@yanabee.com', 'b27c37c461acc9e33e43abe45c11d6fa13ac4c29', 'student', NULL, '', NULL, NULL, '', '', '', ' ', '', '', '7:15', '', '', NULL, 1, NULL, '[]'),
(12, '  ', 'yazn-ibrahim@yanabee.com', '3b93b42b1714105efaa1a0897b6637178f1e7f08', 'student', NULL, '', NULL, NULL, '', '', '', '   ', '', '', '8:00', '', '', NULL, 1, NULL, '[]'),
(13, '  ', 'ayman-mabrouk@yanabee.com', '913a0e316f809f5c177ad2968dbc0f1b295678c6', 'student', NULL, '', NULL, NULL, '', '', '', ' ', '', '', '8:15', '', '', NULL, 1, NULL, '[]'),
(14, ' ', 'mohamed-zaher@yanabee.com', 'f0cb2360c19a323c9ea94be198c7cb72e4566dc3', 'student', NULL, '', NULL, NULL, '', '', '', ' ', '', '', '8:30', '', '', NULL, 1, NULL, '[]'),
(15, 'Teacher Demo', 'teacher@yanabee.com', '40bd001563085fc35165329ea1ff5c5ecbdbbeef', 'teacher', '', '000', NULL, NULL, 'Male', NULL, NULL, NULL, NULL, NULL, NULL, NULL, NULL, '', 1, NULL, '[]'),
(16, 'Yanabee Admin', 'demo@yanabee.com', '89e495e7941cf9e40e6980d14a16bf023ccd4c91', 'admin', '.', '000', NULL, NULL, 'Male', NULL, NULL, NULL, NULL, NULL, NULL, NULL, NULL, '', 1, NULL, '[]');

--
-- Indexes for dumped tables
--

--
-- Indexes for table `addons`
--
ALTER TABLE `addons`
  ADD PRIMARY KEY (`id`);

--
-- Indexes for table `books`
--
ALTER TABLE `books`
  ADD PRIMARY KEY (`id`);

--
-- Indexes for table `book_issues`
--
ALTER TABLE `book_issues`
  ADD PRIMARY KEY (`id`);

--
-- Indexes for table `classes`
--
ALTER TABLE `classes`
  ADD PRIMARY KEY (`id`);

--
-- Indexes for table `class_rooms`
--
ALTER TABLE `class_rooms`
  ADD PRIMARY KEY (`id`);

--
-- Indexes for table `common_settings`
--
ALTER TABLE `common_settings`
  ADD PRIMARY KEY (`id`);

--
-- Indexes for table `currencies`
--
ALTER TABLE `currencies`
  ADD PRIMARY KEY (`id`);

--
-- Indexes for table `daily_attendances`
--
ALTER TABLE `daily_attendances`
  ADD PRIMARY KEY (`id`);

--
-- Indexes for table `departments`
--
ALTER TABLE `departments`
  ADD PRIMARY KEY (`id`);

--
-- Indexes for table `enrols`
--
ALTER TABLE `enrols`
  ADD PRIMARY KEY (`id`);

--
-- Indexes for table `event_calendars`
--
ALTER TABLE `event_calendars`
  ADD PRIMARY KEY (`id`);

--
-- Indexes for table `exams`
--
ALTER TABLE `exams`
  ADD PRIMARY KEY (`id`);

--
-- Indexes for table `expenses`
--
ALTER TABLE `expenses`
  ADD PRIMARY KEY (`id`);

--
-- Indexes for table `expense_categories`
--
ALTER TABLE `expense_categories`
  ADD PRIMARY KEY (`id`);

--
-- Indexes for table `frontend_events`
--
ALTER TABLE `frontend_events`
  ADD PRIMARY KEY (`frontend_events_id`);

--
-- Indexes for table `frontend_gallery`
--
ALTER TABLE `frontend_gallery`
  ADD PRIMARY KEY (`frontend_gallery_id`);

--
-- Indexes for table `frontend_gallery_image`
--
ALTER TABLE `frontend_gallery_image`
  ADD PRIMARY KEY (`frontend_gallery_image_id`);

--
-- Indexes for table `frontend_settings`
--
ALTER TABLE `frontend_settings`
  ADD PRIMARY KEY (`id`);

--
-- Indexes for table `grades`
--
ALTER TABLE `grades`
  ADD PRIMARY KEY (`id`);

--
-- Indexes for table `invoices`
--
ALTER TABLE `invoices`
  ADD PRIMARY KEY (`id`);

--
-- Indexes for table `marks`
--
ALTER TABLE `marks`
  ADD PRIMARY KEY (`id`);

--
-- Indexes for table `menus`
--
ALTER TABLE `menus`
  ADD PRIMARY KEY (`id`);

--
-- Indexes for table `noticeboard`
--
ALTER TABLE `noticeboard`
  ADD PRIMARY KEY (`id`);

--
-- Indexes for table `parents`
--
ALTER TABLE `parents`
  ADD PRIMARY KEY (`id`);

--
-- Indexes for table `payment_settings`
--
ALTER TABLE `payment_settings`
  ADD PRIMARY KEY (`id`);

--
-- Indexes for table `routines`
--
ALTER TABLE `routines`
  ADD PRIMARY KEY (`id`);

--
-- Indexes for table `schools`
--
ALTER TABLE `schools`
  ADD PRIMARY KEY (`id`);

--
-- Indexes for table `sections`
--
ALTER TABLE `sections`
  ADD PRIMARY KEY (`id`);

--
-- Indexes for table `sessions`
--
ALTER TABLE `sessions`
  ADD PRIMARY KEY (`id`),
  ADD KEY `name` (`name`) USING BTREE;

--
-- Indexes for table `settings`
--
ALTER TABLE `settings`
  ADD PRIMARY KEY (`id`);

--
-- Indexes for table `smtp_settings`
--
ALTER TABLE `smtp_settings`
  ADD PRIMARY KEY (`id`);

--
-- Indexes for table `students`
--
ALTER TABLE `students`
  ADD PRIMARY KEY (`id`);

--
-- Indexes for table `subjects`
--
ALTER TABLE `subjects`
  ADD PRIMARY KEY (`id`);

--
-- Indexes for table `syllabuses`
--
ALTER TABLE `syllabuses`
  ADD PRIMARY KEY (`id`);

--
-- Indexes for table `teachers`
--
ALTER TABLE `teachers`
  ADD PRIMARY KEY (`id`);

--
-- Indexes for table `teacher_permissions`
--
ALTER TABLE `teacher_permissions`
  ADD PRIMARY KEY (`id`);

--
-- Indexes for table `users`
--
ALTER TABLE `users`
  ADD PRIMARY KEY (`id`);

--
-- AUTO_INCREMENT for dumped tables
--

--
-- AUTO_INCREMENT for table `addons`
--
ALTER TABLE `addons`
  MODIFY `id` int(11) NOT NULL AUTO_INCREMENT;

--
-- AUTO_INCREMENT for table `books`
--
ALTER TABLE `books`
  MODIFY `id` int(11) UNSIGNED NOT NULL AUTO_INCREMENT;

--
-- AUTO_INCREMENT for table `book_issues`
--
ALTER TABLE `book_issues`
  MODIFY `id` int(11) UNSIGNED NOT NULL AUTO_INCREMENT;

--
-- AUTO_INCREMENT for table `classes`
--
ALTER TABLE `classes`
  MODIFY `id` int(11) UNSIGNED NOT NULL AUTO_INCREMENT, AUTO_INCREMENT=5;

--
-- AUTO_INCREMENT for table `class_rooms`
--
ALTER TABLE `class_rooms`
  MODIFY `id` int(11) UNSIGNED NOT NULL AUTO_INCREMENT;

--
-- AUTO_INCREMENT for table `common_settings`
--
ALTER TABLE `common_settings`
  MODIFY `id` int(11) NOT NULL AUTO_INCREMENT, AUTO_INCREMENT=4;

--
-- AUTO_INCREMENT for table `currencies`
--
ALTER TABLE `currencies`
  MODIFY `id` int(11) NOT NULL AUTO_INCREMENT, AUTO_INCREMENT=114;

--
-- AUTO_INCREMENT for table `daily_attendances`
--
ALTER TABLE `daily_attendances`
  MODIFY `id` int(11) NOT NULL AUTO_INCREMENT, AUTO_INCREMENT=12;

--
-- AUTO_INCREMENT for table `departments`
--
ALTER TABLE `departments`
  MODIFY `id` int(11) UNSIGNED NOT NULL AUTO_INCREMENT, AUTO_INCREMENT=2;

--
-- AUTO_INCREMENT for table `enrols`
--
ALTER TABLE `enrols`
  MODIFY `id` int(11) UNSIGNED NOT NULL AUTO_INCREMENT, AUTO_INCREMENT=13;

--
-- AUTO_INCREMENT for table `event_calendars`
--
ALTER TABLE `event_calendars`
  MODIFY `id` int(11) NOT NULL AUTO_INCREMENT;

--
-- AUTO_INCREMENT for table `exams`
--
ALTER TABLE `exams`
  MODIFY `id` int(11) UNSIGNED NOT NULL AUTO_INCREMENT, AUTO_INCREMENT=2;

--
-- AUTO_INCREMENT for table `expenses`
--
ALTER TABLE `expenses`
  MODIFY `id` int(11) UNSIGNED NOT NULL AUTO_INCREMENT;

--
-- AUTO_INCREMENT for table `expense_categories`
--
ALTER TABLE `expense_categories`
  MODIFY `id` int(11) UNSIGNED NOT NULL AUTO_INCREMENT;

--
-- AUTO_INCREMENT for table `frontend_events`
--
ALTER TABLE `frontend_events`
  MODIFY `frontend_events_id` int(11) NOT NULL AUTO_INCREMENT;

--
-- AUTO_INCREMENT for table `frontend_gallery`
--
ALTER TABLE `frontend_gallery`
  MODIFY `frontend_gallery_id` int(11) NOT NULL AUTO_INCREMENT;

--
-- AUTO_INCREMENT for table `frontend_gallery_image`
--
ALTER TABLE `frontend_gallery_image`
  MODIFY `frontend_gallery_image_id` int(11) NOT NULL AUTO_INCREMENT;

--
-- AUTO_INCREMENT for table `frontend_settings`
--
ALTER TABLE `frontend_settings`
  MODIFY `id` int(11) NOT NULL AUTO_INCREMENT, AUTO_INCREMENT=2;

--
-- AUTO_INCREMENT for table `grades`
--
ALTER TABLE `grades`
  MODIFY `id` int(11) UNSIGNED NOT NULL AUTO_INCREMENT;

--
-- AUTO_INCREMENT for table `invoices`
--
ALTER TABLE `invoices`
  MODIFY `id` int(11) NOT NULL AUTO_INCREMENT;

--
-- AUTO_INCREMENT for table `marks`
--
ALTER TABLE `marks`
  MODIFY `id` int(11) UNSIGNED NOT NULL AUTO_INCREMENT;

--
-- AUTO_INCREMENT for table `menus`
--
ALTER TABLE `menus`
  MODIFY `id` int(11) UNSIGNED NOT NULL AUTO_INCREMENT, AUTO_INCREMENT=117;

--
-- AUTO_INCREMENT for table `noticeboard`
--
ALTER TABLE `noticeboard`
  MODIFY `id` int(11) NOT NULL AUTO_INCREMENT;

--
-- AUTO_INCREMENT for table `parents`
--
ALTER TABLE `parents`
  MODIFY `id` int(11) NOT NULL AUTO_INCREMENT;

--
-- AUTO_INCREMENT for table `payment_settings`
--
ALTER TABLE `payment_settings`
  MODIFY `id` int(11) NOT NULL AUTO_INCREMENT, AUTO_INCREMENT=18;

--
-- AUTO_INCREMENT for table `routines`
--
ALTER TABLE `routines`
  MODIFY `id` int(11) NOT NULL AUTO_INCREMENT;

--
-- AUTO_INCREMENT for table `schools`
--
ALTER TABLE `schools`
  MODIFY `id` int(11) UNSIGNED NOT NULL AUTO_INCREMENT, AUTO_INCREMENT=2;

--
-- AUTO_INCREMENT for table `sections`
--
ALTER TABLE `sections`
  MODIFY `id` int(11) UNSIGNED NOT NULL AUTO_INCREMENT, AUTO_INCREMENT=5;

--
-- AUTO_INCREMENT for table `sessions`
--
ALTER TABLE `sessions`
  MODIFY `id` int(11) UNSIGNED NOT NULL AUTO_INCREMENT, AUTO_INCREMENT=2;

--
-- AUTO_INCREMENT for table `settings`
--
ALTER TABLE `settings`
  MODIFY `id` int(11) UNSIGNED NOT NULL AUTO_INCREMENT, AUTO_INCREMENT=2;

--
-- AUTO_INCREMENT for table `smtp_settings`
--
ALTER TABLE `smtp_settings`
  MODIFY `id` int(11) NOT NULL AUTO_INCREMENT;

--
-- AUTO_INCREMENT for table `students`
--
ALTER TABLE `students`
  MODIFY `id` int(11) UNSIGNED NOT NULL AUTO_INCREMENT, AUTO_INCREMENT=13;

--
-- AUTO_INCREMENT for table `subjects`
--
ALTER TABLE `subjects`
  MODIFY `id` int(11) UNSIGNED NOT NULL AUTO_INCREMENT, AUTO_INCREMENT=5;

--
-- AUTO_INCREMENT for table `syllabuses`
--
ALTER TABLE `syllabuses`
  MODIFY `id` int(11) UNSIGNED NOT NULL AUTO_INCREMENT, AUTO_INCREMENT=5;

--
-- AUTO_INCREMENT for table `teachers`
--
ALTER TABLE `teachers`
  MODIFY `id` int(11) UNSIGNED NOT NULL AUTO_INCREMENT, AUTO_INCREMENT=3;

--
-- AUTO_INCREMENT for table `teacher_permissions`
--
ALTER TABLE `teacher_permissions`
  MODIFY `id` int(11) UNSIGNED NOT NULL AUTO_INCREMENT, AUTO_INCREMENT=3;

--
-- AUTO_INCREMENT for table `users`
--
ALTER TABLE `users`
  MODIFY `id` int(11) UNSIGNED NOT NULL AUTO_INCREMENT, AUTO_INCREMENT=17;
COMMIT;

/*!40101 SET CHARACTER_SET_CLIENT=@OLD_CHARACTER_SET_CLIENT */;
/*!40101 SET CHARACTER_SET_RESULTS=@OLD_CHARACTER_SET_RESULTS */;
/*!40101 SET COLLATION_CONNECTION=@OLD_COLLATION_CONNECTION */;
